compound_id,hERG_blocker_probability,predicted hERG pIC50
CHEMBL1232461,0.3527,5.065
CHEMBL553,0.3066,5.456
CHEMBL1080117,0.9899,6.142
CHEMBL4759483,0.7933,5.439
CHEMBL589946,0.4621,4.97
CHEMBL3115111,0.0205,4.532
CHEMBL3683287,0.2915,5.113
CHEMBL270853,0.9149,5.422
CHEMBL256659,0.944,5.724
CHEMBL1643361,0.7201,5.402
CHEMBL272694,0.981,5.578
CHEMBL4213750,0.0251,5.22
CHEMBL2165084,0.5956,5.83
CHEMBL522894,0.915,6.651
CHEMBL4438231,0.9539,6.015
CHEMBL513423,0.5186,5.688
CHEMBL1084402,0.8949,6.203
CHEMBL3219269,0.7632,5.831
CHEMBL3219001,0.7924,6.164
CHEMBL497992,0.2207,5.345
CHEMBL3218856,0.1734,5.203
CHEMBL3912712,0.3631,5.99
CHEMBL4069245,0.1149,4.719
CHEMBL513893,0.7364,5.299
CHEMBL2171022,0.6182,5.212
CHEMBL1099208,0.5611,5.733
CHEMBL1170009,0.3545,4.83
CHEMBL1809067,0.5698,5.114
AFGMJXNSQZQXOY-UHFFFAOYSA-N,0.3568,4.55
CHEMBL2179543,0.122,5.013
CHEMBL25437,0.1753,4.961
CHEMBL1684686,0.0403,5.1
CHEMBL2424930,0.1938,5.02
CHEMBL2315925,0.1173,4.453
CHEMBL2204266,0.1388,4.57
CHEMBL1258493,0.9725,5.604
CHEMBL1084616,0.4466,5.034
CHEMBL218087,0.4675,5.735
CHEMBL4638182,0.1634,4.993
CHEMBL2069921,0.4106,5.143
CHEMBL4084106,0.3166,5.177
CHEMBL221077,0.9421,6.149
CHEMBL3822651,0.4759,4.837
CHEMBL217400,0.8739,5.912
AIDFNPQAXSJWSH-UHFFFAOYSA-N,0.1183,4.823
CHEMBL527234,0.1893,5.126
CHEMBL230984,0.1425,4.838
AIRNIRZIFCVTMX-UHFFFAOYSA-N,0.1516,4.85
CHEMBL3652011,0.3722,5.373
CHEMBL408169,0.9684,6.043
AJJVTOMIBFGUBX-UHFFFAOYSA-N,0.5539,5.329
CHEMBL4448579,0.5974,5.417
CHEMBL4087218,0.4295,4.912
CHEMBL1092105,0.9519,5.916
CHEMBL4546929,0.679,5.342
AKHGAEGIVMYIQH-UHFFFAOYSA-N,0.6509,6.23
CHEMBL4785413,0.2683,5.004
CHEMBL4472275,0.2047,4.867
CHEMBL562000,0.4404,5.41
CHEMBL253878,0.9895,6.722
CHEMBL601907,0.0418,4.932
ALTBKUXHUHAWIE-NEPJUHHUSA-N,0.1399,4.77
ALTBKUXHUHAWIE-NWDGAFQWSA-N,0.1399,4.77
CHEMBL3605277,0.3824,4.918
CHEMBL2440396,0.6241,5.429
CHEMBL529874,0.1725,5.869
CHEMBL2207284,0.5551,5.485
CHEMBL541226,0.9493,5.74
CHEMBL4278717,0.6494,5.451
CHEMBL4101417,0.4685,5.115
AMRJKHDSDIXQIV-UHFFFAOYSA-N,0.9347,5.537
CHEMBL403809,0.2329,5.228
CHEMBL517776,0.4262,5.111
CHEMBL3355597,0.2757,5.154
ANCBWBFMSIQTEX-IBGZPJMESA-N,0.1468,5.02
CHEMBL2386633,0.2673,4.574
CHEMBL3354701,0.4166,5.443
CHEMBL4748670,0.8818,5.608
CHEMBL4207928,0.2643,4.747
ANQAUDCJANAJOF-UHFFFAOYSA-N,0.8185,5.625
CHEMBL4798765,0.4981,5.151
CHEMBL1171471,0.2884,4.884
CHEMBL1800159,0.3196,5.329
AOTYAPLNLRAVPH-UHFFFAOYSA-N,0.2142,4.954
CHEMBL2333642,0.7888,5.129
CHEMBL267345,0.0911,4.922
CHEMBL534612,0.5838,5.127
CHEMBL4753097,0.3859,5.28
CHEMBL4544352,0.9906,6.891
CHEMBL3775256,0.9964,6.315
CHEMBL2177307,0.5737,5.351
AQRMSNKJMMOWNY-UHFFFAOYSA-N,0.0997,4.944
CHEMBL207850,0.9265,5.464
CHEMBL4475999,0.2672,5.575
CHEMBL4555101,0.5543,5.398
CHEMBL3775554,0.9957,6.619
CHEMBL4463483,0.2337,5.101
CHEMBL597737,0.6724,5.167
CHEMBL2347988,0.2392,5.418
CHEMBL4105041,0.1419,4.988
CHEMBL3605123,0.6233,5.806
CHEMBL3605010,0.4579,5.244
CHEMBL4519670,0.7325,5.617
CHEMBL1945848,0.4892,5.175
CHEMBL3925977,0.5689,5.256
CHEMBL3605117,0.6063,5.805
CHEMBL1098554,0.514,5.563
CHEMBL3314352,0.4185,4.959
CHEMBL319742,0.2787,4.894
CHEMBL3314417,0.2274,5.063
CHEMBL218735,0.6797,5.982
CHEMBL1520725,0.3412,5.324
CHEMBL1335175,0.7433,6.034
CHEMBL3358000,0.2821,4.893
AWICWMKCSBUETH-UHFFFAOYSA-N,0.5032,4.809
CHEMBL1081685,0.9942,6.047
CHEMBL1080293,0.9942,6.047
CHEMBL146620,0.7195,5.31
CHEMBL582286,0.2583,5.809
CHEMBL521327,0.1907,5.086
CHEMBL1642258,0.4807,5.128
CHEMBL176426,0.9253,6.014
CHEMBL3917322,0.3282,5.383
CHEMBL216680,0.4761,5.139
CHEMBL1684706,0.1212,5.631
CHEMBL569420,0.3142,4.81
CHEMBL1951055,0.384,5.208
CHEMBL4643297,0.2021,5.028
AYJWXJNMUFYBAI-UHFFFAOYSA-N,0.7728,5.265
AZAHWWKMQDSNOA-XHCCPWGMSA-N,0.9564,5.289
CHEMBL4531643,0.5071,5.159
CHEMBL4874434,0.1446,5.451
CHEMBL1099194,0.0637,4.968
CHEMBL556247,0.8535,5.286
AZTADJFZGRDYTG-UHFFFAOYSA-N,0.7,5.12
CHEMBL578346,0.4314,5.228
CHEMBL4076989,0.8772,5.711
CHEMBL3425818,0.0526,4.557
CHEMBL1829618,0.5706,4.896
CHEMBL1090816,0.0947,4.637
CHEMBL4518161,0.5758,5.379
CHEMBL4789854,0.5929,4.88
CHEMBL584240,0.5832,5.231
CHEMBL3234873,0.3279,5.212
CHEMBL3288810,0.7337,5.92
CHEMBL1084383,0.6718,5.197
CHEMBL560669,0.2187,4.48
CHEMBL4534193,0.9872,6.746
CHEMBL4170883,0.2162,4.784
CHEMBL1684585,0.2717,5.083
CHEMBL3127689,0.2014,4.963
CHEMBL3931920,0.4237,5.642
CHEMBL4091762,0.594,5.249
CHEMBL1923110,0.1984,4.845
CHEMBL2387464,0.2936,5.553
CHEMBL2333627,0.8251,5.059
CHEMBL1094029,0.7233,6.047
CHEMBL2016776,0.5327,5.841
CHEMBL4097890,0.233,4.86
CHEMBL3422971,0.6036,5.676
CHEMBL400612,0.6358,5.051
CHEMBL4878108,0.8031,5.064
CHEMBL3800506,0.2988,4.98
CHEMBL3946901,0.9912,6.499
CHEMBL1084577,0.8922,5.821
CHEMBL3604802,0.7229,5.677
CHEMBL3785257,0.3687,5.058
BHOUUDZNGWHFHC-UHFFFAOYSA-N,0.9609,5.907
CHEMBL470791,0.4787,4.892
CHEMBL4856289,0.0694,4.749
CHEMBL4459468,0.927,5.5
BIAPMBIBJRGUDT-JWQCQUIFSA-N,0.6278,5.35
CHEMBL4210640,0.3597,5.675
CHEMBL1779005,0.735,5.405
CHEMBL4169829,0.7527,5.275
CHEMBL512896,0.3008,5.636
CHEMBL1935426,0.8868,5.318
CHEMBL2010843,0.7386,5.386
CHEMBL4782227,0.3386,4.898
BJPVYYNGTFHKMV-ILVMPNSOSA-N,0.755,5.536
CHEMBL3754258,0.4519,5.345
CHEMBL4453874,0.9041,6.125
BKFGVTZYKZDOGY-HZPDHXFCSA-N,0.1923,4.808
CHEMBL3775370,0.1855,5.922
CHEMBL3263282,0.4522,5.372
CHEMBL570593,0.3641,5.042
CHEMBL4166194,0.3799,5.209
CHEMBL3605138,0.7054,5.858
CHEMBL3775604,0.9983,6.378
CHEMBL4452042,0.988,6.909
BLZBUQXFDJSEKN-LJFZDNNRSA-N,0.7105,5.362
CHEMBL2203713,0.2503,4.872
CHEMBL4761836,0.2678,5.268
CHEMBL3422963,0.7077,6.097
CHEMBL3891461,0.4112,5.017
CHEMBL1083750,0.5562,5.259
CHEMBL2029734,0.0358,4.593
CHEMBL4279547,0.2087,4.988
CHEMBL2333634,0.7543,5.044
BNNAODVJPJIPNE-UHFFFAOYSA-N,0.6994,5.199
CHEMBL2059322,0.84,5.432
CHEMBL4854094,0.1053,4.82
CHEMBL4472682,0.1716,4.734
CHEMBL2035000,0.7438,5.822
CHEMBL1762479,0.7766,5.272
CHEMBL561396,0.448,5.282
CHEMBL3341985,0.245,4.967
CHEMBL2386114,0.2959,5.605
CHEMBL5074682,0.3794,5.006
CHEMBL3822962,0.3747,4.885
CHEMBL2336055,0.6481,5.414
CHEMBL1327627,0.2486,5.127
CHEMBL4290485,0.3587,5.479
CHEMBL4867169,0.1198,5.038
CHEMBL3953018,0.9665,6.236
CHEMBL4865767,0.1811,5.134
CHEMBL4168028,0.3089,4.878
CHEMBL1822851,0.9133,5.913
BRHOSLMTYNSPCU-UHFFFAOYSA-N,0.972,6.345
CHEMBL5072616,0.1737,5.019
CHEMBL1242081,0.86,6.254
CHEMBL4637212,0.2017,5.579
CHEMBL2347420,0.3927,5.54
CHEMBL4093271,0.3723,5.192
BTEHVLUMUBTQOZ-UHFFFAOYSA-N,0.9301,6.23
CHEMBL1169794,0.5648,4.988
CHEMBL463231,0.439,5.121
CHEMBL1836247,0.7769,5.754
CHEMBL507130,0.8014,5.342
CHEMBL4081764,0.8032,5.201
CHEMBL2024395,0.0142,4.6
CHEMBL4584911,0.1686,4.847
CHEMBL4207711,0.1759,4.713
CHEMBL78806,0.0848,4.561
CHEMBL2058833,0.2848,4.952
CHEMBL2333641,0.7767,5.294
CHEMBL5095095,0.4036,5.601
CHEMBL231294,0.1794,4.625
CHEMBL257901,0.9181,5.656
CHEMBL1099195,0.142,5.029
CHEMBL527620,0.6902,5.499
CHEMBL4554202,0.5803,5.357
CHEMBL3422010,0.2974,4.961
CHEMBL3604424,0.1354,4.729
BWVKKQVUMCVGCT-UHFFFAOYSA-N,0.9661,6.39
BWVRPGYKZYASIH-UHFFFAOYSA-N,0.8622,5.493
CHEMBL3329822,0.0507,4.651
CHEMBL389499,0.5623,5.875
CHEMBL2312548,0.9581,5.976
CHEMBL176933,0.9502,5.983
CHEMBL4793030,0.2987,4.887
CHEMBL4468047,0.4154,4.971
CHEMBL256650,0.9237,5.55
CHEMBL3931791,0.6619,4.849
CHEMBL1083406,0.7587,5.234
CHEMBL4746566,0.4114,5.343
CHEMBL4061173,0.2107,5.028
CHEMBL1800769,0.2242,4.682
CHEMBL245545,0.071,4.242
BZHBDEKYKFTCPD-UHFFFAOYSA-N,0.8842,5.706
CHEMBL1761528,0.9696,6.106
CHEMBL4751399,0.2448,5.307
CHEMBL4526732,0.821,6.014
CHEMBL1083274,0.5175,5.049
CHEMBL3342693,0.3112,5.187
CHEMBL2326480,0.5505,5.225
CHEMBL2170444,0.7766,5.352
CHEMBL2170299,0.7766,5.352
CHEMBL2170443,0.7766,5.352
CHEMBL3263279,0.0357,4.623
CHEMBL4174959,0.8962,5.519
CHEMBL174004,0.9392,6.023
CHEMBL4439285,0.9795,6.093
CHEMBL392882,0.5076,5.011
CHEMBL3786634,0.5692,5.466
CHEMBL4757477,0.4407,5.623
CHEMBL2151218,0.7623,6.036
CHEMBL4286715,0.4606,5.322
CHEMBL248946,0.2486,5.1
CCEZNAJZWWSOHJ-OFNKIYASSA-N,0.1016,5.639
CHEMBL588516,0.3737,5.168
CHEMBL3608921,0.181,5.632
CHEMBL3894991,0.2529,5.414
CHEMBL3918205,0.2529,5.414
CHEMBL4586501,0.6095,5.968
CHEMBL3896541,0.617,5.163
CHEMBL3799292,0.3917,4.879
CHEMBL3800470,0.3917,4.879
CHEMBL3797887,0.3917,4.879
CHEMBL4876263,0.6546,5.127
CDOAKUQOANRBJU-QKKBWIMNSA-N,0.7448,5.46
CHEMBL467473,0.7448,5.46
CHEMBL2029419,0.3641,4.779
CHEMBL6068069,0.1559,4.974
CHEMBL4091332,0.258,4.94
CHEMBL2333623,0.77,5.005
CHEMBL3758523,0.423,5.345
CHEMBL2204263,0.0651,4.53
CHEMBL4436908,0.1006,4.711
CHEMBL1761525,0.9796,6.172
CHEMBL4875016,0.4959,5.181
CGPDIFOCBSDBMN-UHFFFAOYSA-N,0.2948,4.892
CHIKZYIDDLWDGF-UHFFFAOYSA-N,0.5529,5.129
CHEMBL3764238,0.3058,5.507
CHEMBL550876,0.9247,6.077
CHEMBL1834632,0.806,5.464
CHEMBL206798,0.3074,4.988
CHEMBL580159,0.4161,5.316
CHEMBL226743,0.9812,7.302
CHEMBL4087512,0.1341,4.999
CHEMBL3809641,0.1203,4.967
CJDZRSVYGKAPJM-UHFFFAOYSA-N,0.8773,5.279
CHEMBL3945976,0.3155,5.677
CJTATZNAJJRQJR-UHFFFAOYSA-N,0.8825,5.46
CHEMBL2325206,0.9266,6.696
CKDGYIZZEFNIIK-UHFFFAOYSA-N,0.7191,5.499
CHEMBL2312551,0.9465,5.973
CKLBJZCUANCTTB-UHFFFAOYSA-N,0.9739,6.878
CHEMBL2311549,0.9389,6.029
CKXWJAPUCSPQHF-UHFFFAOYSA-N,0.0873,4.649
CHEMBL4650304,0.2173,4.808
CHEMBL2028041,0.7736,5.831
CHEMBL4635770,0.2242,5.023
CHEMBL1079577,0.9892,6.429
CHEMBL1085959,0.6917,5.357
CHEMBL4104658,0.7548,5.328
CHEMBL391392,0.1339,4.873
CHEMBL2347419,0.4329,5.534
CHEMBL1270268,0.5179,5.64
CHEMBL4780722,0.1332,4.748
CHEMBL3590466,0.8212,6.446
CHEMBL250443,0.487,5.591
CHEMBL1957002,0.6665,5.939
CHEMBL1085396,0.9629,6.011
CHEMBL3910823,0.6129,5.336
CHEMBL248296,0.7172,5.804
CHEMBL2333620,0.7497,4.972
CHEMBL2041169,0.6193,5.543
CHEMBL4565200,0.839,5.449
CHEMBL270239,0.8706,5.177
CHEMBL213761,0.8023,5.698
CHEMBL400468,0.1316,4.887
CHEMBL558260,0.9544,5.438
CHEMBL2064645,0.0604,4.886
CHEMBL4590359,0.617,5.939
CHEMBL3823962,0.47,5.115
CHEMBL552479,0.4308,4.825
CHEMBL4084542,0.8777,5.691
CHEMBL4518465,0.4815,5.642
CHEMBL4638896,0.417,5.112
CHEMBL2333631,0.7631,4.942
CHEMBL4173454,0.2426,4.924
CHEMBL4461413,0.579,5.365
CHEMBL1771093,0.6021,5.359
CHEMBL1958172,0.712,5.911
CHEMBL4855726,0.0852,4.861
CHEMBL3127675,0.0119,4.401
CHEMBL4066059,0.6235,5.126
CHEMBL4517101,0.278,4.97
CHEMBL4781970,0.9174,7.327
CHEMBL1242623,0.9182,5.774
CHEMBL584087,0.3489,5.148
CHEMBL1089103,0.9117,7.505
CHEMBL1270462,0.5121,5.409
CHEMBL2171024,0.4176,4.844
CHEMBL3605001,0.5279,5.27
CHEMBL4098937,0.3036,4.886
CHEMBL1084000,0.6111,4.948
CHEMBL4204419,0.0328,5.42
CHEMBL1440100,0.2353,5.036
CHEMBL3422959,0.5571,6.001
CHEMBL223604,0.6323,5.611
CHEMBL3422026,0.8533,5.911
CHEMBL3966706,0.2661,5.605
CHEMBL1909992,0.5459,5.186
CTXBQQDROKYAER-UHFFFAOYSA-N,0.1778,5.135
CHEMBL4779222,0.6347,5.427
CHEMBL3289801,0.3839,5.135
CHEMBL4077920,0.6477,5.306
CHEMBL4063869,0.4921,5.665
CHEMBL1085398,0.9524,5.926
CHEMBL245568,0.7947,5.322
CHEMBL3799553,0.2489,5.067
CVCVHLAGPYEAKC-GOSISDBHSA-N,0.9365,5.716
CHEMBL4577523,0.3243,4.803
CHEMBL602366,0.2847,5.161
CHEMBL534723,0.8373,5.343
CHEMBL256653,0.8533,5.042
CHEMBL446134,0.7922,5.642
CHEMBL1835782,0.6886,5.288
CHEMBL3605004,0.6162,5.271
CHEMBL3605002,0.6162,5.271
CHEMBL3746562,0.3946,4.912
CHEMBL4745530,0.2624,4.816
CHEMBL3899370,0.0464,4.568
CHEMBL3775408,0.9927,6.148
CHEMBL4873269,0.6812,5.139
CHEMBL1078231,0.5297,5.213
CYBVKIGZLGUYOT-UHFFFAOYSA-N,0.8722,5.445
CHEMBL473921,0.5819,5.256
CHEMBL2017110,0.7401,5.379
CHEMBL1095877,0.5282,5.195
CHEMBL1823043,0.5282,5.195
CHEMBL1760247,0.8889,5.84
CHEMBL1170953,0.5468,5.241
CHEMBL570360,0.306,4.808
CHEMBL583430,0.306,4.808
CHEMBL3775798,0.6645,6.242
CHEMBL4635680,0.6217,5.199
CHEMBL4114159,0.3313,4.805
CHEMBL4867297,0.9103,5.938
CHEMBL1921892,0.2399,4.874
CHEMBL605751,0.6716,6.242
CHEMBL4871941,0.3754,5.649
CHEMBL2147211,0.5996,5.08
CHEMBL1094231,0.5216,5.495
CHEMBL499961,0.8802,5.182
CHEMBL238103,0.1098,4.915
CHEMBL579300,0.9702,6.576
CHEMBL1812717,0.5819,5.258
CHEMBL1642188,0.538,5.62
CHEMBL1823046,0.2551,5.041
CHEMBL1097881,0.2551,5.041
CHEMBL2158818,0.3636,5.054
CHEMBL3605121,0.6091,5.527
DDHFRTPLOOOEAP-UHFFFAOYSA-N,0.8049,5.507
DDHXHXDKXCLRQK-UHFFFAOYSA-N,0.1416,4.925
CHEMBL4100226,0.2535,5.085
CHEMBL71752,0.6755,5.825
CHEMBL1418441,0.2928,5.195
DEINYMBGVCCVJR-UHFFFAOYSA-N,0.3664,5.025
CHEMBL2347415,0.6782,5.874
CHEMBL4795273,0.1885,4.915
CHEMBL4159883,0.0984,5.258
CHEMBL1836263,0.4886,5.431
CHEMBL4078730,0.3866,5.012
CHEMBL4171368,0.2199,4.942
CHEMBL3699573,0.3661,5.664
CHEMBL1834718,0.6023,5.197
DFSAQPXRPWPPCR-UHFFFAOYSA-N,0.9397,6.828
CHEMBL3605021,0.5345,5.349
CHEMBL4468531,0.9353,6.054
CHEMBL1170607,0.3711,4.922
CHEMBL2028064,0.1292,5.304
CHEMBL3823522,0.5389,4.942
DGNYGAHGPZJGOK-UHFFFAOYSA-N,0.0844,4.996
CHEMBL2424874,0.1509,4.618
CHEMBL4750691,0.8293,6.271
CHEMBL1236391,0.4049,5.186
CHEMBL4090814,0.2756,4.993
CHEMBL470753,0.6798,6.423
CHEMBL3422018,0.2425,4.863
CHEMBL587989,0.6062,5.631
CHEMBL459598,0.4997,5.405
CHEMBL580188,0.275,5.388
CHEMBL2391646,0.0838,5.023
DIFNYEFEIHHXOD-UHFFFAOYSA-N,0.0921,4.843
CHEMBL4443635,0.5224,5.235
CHEMBL1684055,0.6039,5.097
CHEMBL4218734,0.3252,4.923
CHEMBL2403338,0.6002,5.235
CHEMBL429663,0.2434,6.002
CHEMBL2326481,0.2201,4.974
CHEMBL273165,0.8641,5.291
CHEMBL158919,0.1231,4.845
CHEMBL3115275,0.0843,5.124
DKBNTFKFZDFOKX-UHFFFAOYSA-N,0.1963,5.294
CHEMBL3393869,0.6998,6.31
CHEMBL488817,0.8377,5.522
CHEMBL488653,0.8377,5.522
CHEMBL529445,0.8377,5.522
CHEMBL2029988,0.1032,4.841
CHEMBL4860633,0.7215,5.605
CHEMBL4872007,0.5111,5.16
CHEMBL4752942,0.6586,5.303
CHEMBL1094028,0.8977,5.871
DLKBPTITOLEWFS-UHFFFAOYSA-N,0.0508,4.733
CHEMBL3822943,0.463,4.997
CHEMBL2409182,0.0819,4.763
CHEMBL3608915,0.1554,5.18
CHEMBL216741,0.9619,5.471
CHEMBL1818300,0.6063,5.526
CHEMBL2312555,0.9482,5.771
CHEMBL1170010,0.4126,4.909
CHEMBL3590468,0.7004,6.502
CHEMBL4174813,0.1491,4.734
CHEMBL2443262,0.5093,5.126
CHEMBL3585956,0.3059,5.241
CHEMBL4548929,0.207,4.733
CHEMBL4547576,0.3062,5.198
CHEMBL1933349,0.2417,4.936
DOCRCBAANQJZLH-UHFFFAOYSA-N,0.8848,6.032
DOLSUXNRMMOQGK-UHFFFAOYSA-N,0.7974,5.499
CHEMBL2042259,0.1753,4.784
CHEMBL2382342,0.3275,4.962
DPLLJMBFZXPPLZ-UHFFFAOYSA-N,0.827,5.12
CHEMBL3915183,0.4773,5.455
CHEMBL469169,0.5575,5.342
CHEMBL4759520,0.0874,4.72
CHEMBL4860202,0.6556,5.465
CHEMBL3914287,0.3162,5.035
CHEMBL3417531,0.3529,5.176
CHEMBL4126773,0.1984,5.176
CHEMBL52832,0.6314,6.111
CHEMBL1081401,0.9902,5.884
CHEMBL4237919,0.181,4.814
DRSHUKURCCAZOK-HUUCEWRRSA-N,0.2018,4.921
CHEMBL3422973,0.6647,5.701
CHEMBL1822458,0.3183,4.713
CHEMBL4210095,0.2823,5.229
CHEMBL1099086,0.1877,4.857
CHEMBL3318978,0.5673,5.76
CHEMBL247840,0.5891,5.414
CHEMBL2391786,0.1626,5.033
CHEMBL3416024,0.2776,4.88
CHEMBL1921889,0.4004,5.09
DTERKQCKRBDMMH-MRXNPFEDSA-N,0.5122,4.873
CHEMBL3805966,0.4461,5.116
CHEMBL1290503,0.5016,5.298
CHEMBL4072025,0.5802,5.098
CHEMBL4647217,0.8262,5.592
CHEMBL468397,0.7094,5.622
DUGFRSWSRSEYCH-UHFFFAOYSA-N,0.0889,4.455
CHEMBL2165444,0.0627,4.804
CHEMBL3099958,0.7948,5.598
CHEMBL4175024,0.1716,4.864
CHEMBL1088599,0.7902,5.401
CHEMBL4861464,0.4911,5.054
CHEMBL4863185,0.4911,5.054
DUTXDBWCKDCQGE-HUUCEWRRSA-N,0.2265,4.942
CHEMBL3422978,0.5972,6.109
CHEMBL4204163,0.2476,4.762
CHEMBL2062563,0.2079,4.813
CHEMBL4758009,0.4885,5.297
CHEMBL1221913,0.4186,4.989
CHEMBL1809050,0.898,5.303
CHEMBL550050,0.979,5.662
CHEMBL1784518,0.31,4.735
CHEMBL1684707,0.0809,5.482
CHEMBL4071603,0.3851,4.958
CHEMBL4847134,0.1367,4.797
CHEMBL1096467,0.61,5.462
CHEMBL203169,0.1468,4.925
CHEMBL3953821,0.1488,4.82
CHEMBL4870336,0.0438,5.432
CHEMBL4476275,0.6184,5.806
CHEMBL1428317,0.1743,5.094
CHEMBL550669,0.434,4.876
CHEMBL4450982,0.3286,4.864
CHEMBL1097883,0.3065,5.067
CHEMBL1823047,0.3065,5.067
CHEMBL3263281,0.0572,4.484
CHEMBL3605137,0.7251,5.891
CHEMBL3764357,0.4342,5.557
DZZKIDMXCAMPCD-UHFFFAOYSA-N,0.8254,5.709
CHEMBL3330442,0.1969,4.429
FAJSIIRTCMBKCV-UHFFFAOYSA-N,0.6424,5.235
CHEMBL4785112,0.7636,5.899
CHEMBL4792482,0.9469,8.013
CHEMBL2017103,0.9566,5.53
CHEMBL3904539,0.0806,4.665
CHEMBL4576684,0.6115,5.526
CHEMBL3604692,0.733,6.184
CHEMBL3215681,0.3519,5.072
FBLXPLWOASVECE-GASCZTMLSA-N,0.1555,5.445
CHEMBL3605119,0.5625,5.452
CHEMBL429479,0.2088,4.755
CHEMBL2165094,0.6783,6.045
CHEMBL1084309,0.8759,6.054
FCLQKBPRTZWHGX-OAHLLOKOSA-N,0.7956,5.202
CHEMBL2315922,0.0755,4.236
CHEMBL3927609,0.4113,4.931
CHEMBL466252,0.5998,5.879
FDCGTJLLXGZZIX-UHFFFAOYSA-N,0.6875,5.417
CHEMBL404851,0.771,5.55
CHEMBL4460019,0.3088,4.823
CHEMBL252838,0.3419,5.177
CHEMBL4522004,0.9456,5.412
CHEMBL4109308,0.1325,4.633
FDUQYLYBWZAWAD-CLYVBNDRSA-N,0.9645,7.486
CHEMBL3823095,0.5467,5.072
FEFBPYNHJGWXIF-UHFFFAOYSA-N,0.9159,6.112
CHEMBL2207276,0.5879,5.388
FEMZZWDTVCQYBW-OAHLLOKOSA-N,0.6247,4.983
CHEMBL3785118,0.3286,4.697
CHEMBL3916677,0.2665,4.928
CHEMBL1813314,0.8968,5.299
CHEMBL1813315,0.8968,5.299
CHEMBL224547,0.7673,5.656
CHEMBL1241546,0.9055,5.624
CHEMBL1289268,0.7162,5.206
CHEMBL2391644,0.0963,5.15
CHEMBL2391649,0.0812,5.012
CHEMBL2164213,0.8741,5.703
CHEMBL3786486,0.8552,5.731
CHEMBL1085567,0.7867,5.256
CHEMBL4746816,0.7546,5.975
CHEMBL219916,0.8826,6.165
CHEMBL1089301,0.6582,5.434
CHEMBL2424886,0.2263,4.521
CHEMBL2204276,0.444,5.219
FIMNMHMOKYVGGK-IBGZPJMESA-N,0.0722,4.94
FIMZNQUQEXSZGK-UHFFFAOYSA-N,0.1849,5.237
CHEMBL4081974,0.3363,5.483
CHEMBL3422762,0.6839,5.252
CHEMBL558928,0.5575,5.293
CHEMBL2435856,0.2011,4.678
CHEMBL4094901,0.6089,5.461
CHEMBL219128,0.1266,4.422
CHEMBL507360,0.7572,5.253
CHEMBL242601,0.8497,5.465
CHEMBL4756181,0.4171,5.245
CHEMBL2312540,0.866,5.742
CHEMBL2204267,0.1878,4.562
FKMPWZBMYSKEJD-GUBFDYSESA-N,0.8085,6.017
CHEMBL3134098,0.1462,5.148
CHEMBL1910107,0.5825,5.198
CHEMBL3703221,0.3018,5.379
FLAIYKQKJCPHBG-UHFFFAOYSA-N,0.8047,5.233
CHEMBL4777155,0.5844,4.942
FLLIMXCHPPVPAF-UHFFFAOYSA-N,0.9281,6.375
CHEMBL148159,0.6345,5.328
CHEMBL2382372,0.1688,4.955
CHEMBL2017113,0.7763,5.041
CHEMBL4639326,0.0545,5.379
CHEMBL4094315,0.1571,4.652
CHEMBL529968,0.7433,5.454
CHEMBL3640290,0.2006,4.816
CHEMBL3605146,0.7969,6.139
FNQUSRALNJBLQF-GFCCVEGCSA-N,0.8706,5.588
CHEMBL1086275,0.8788,5.643
CHEMBL4535475,0.1402,4.878
FOMRZINSAAHONZ-UHFFFAOYSA-N,0.791,5.376
CHEMBL3703257,0.3982,5.245
CHEMBL3359236,0.9502,6.2
CHEMBL4290579,0.3463,5.294
CHEMBL5076377,0.0257,4.688
CHEMBL2029412,0.3795,4.707
CHEMBL2062564,0.1426,4.904
CHEMBL2041165,0.4367,4.97
CHEMBL1094514,0.7014,5.429
FQRLKHMVWRAWRE-QHCPKHFHSA-N,0.2099,5.104
CHEMBL3311308,0.2994,5.343
CHEMBL245642,0.7042,5.415
CHEMBL3586439,0.1872,4.705
CHEMBL4071981,0.1632,4.809
FRYWDPTWXKMFIV-UHFFFAOYSA-N,0.8972,5.355
CHEMBL3422979,0.6676,5.871
CHEMBL3806029,0.1581,4.635
CHEMBL4176986,0.4013,5.41
FSTHGSHNUJDEBM-UHFFFAOYSA-N,0.9702,5.562
CHEMBL1770720,0.2603,4.743
CHEMBL2409400,0.1623,4.895
CHEMBL4526887,0.4844,5.103
FTZUSUCWKLTUPK-UHFFFAOYSA-N,0.0869,4.963
CHEMBL1989453,0.1932,5.055
CHEMBL1242717,0.7891,5.606
CHEMBL4441529,0.2616,4.915
CHEMBL4098469,0.2918,5.023
CHEMBL4761704,0.5206,5.267
CHEMBL568294,0.3293,4.921
CHEMBL4288848,0.9555,6.508
CHEMBL4516327,0.9854,6.096
CHEMBL2204244,0.2089,4.675
CHEMBL270314,0.9403,5.961
CHEMBL4208812,0.1543,6.463
CHEMBL221906,0.8263,6.222
CHEMBL1086274,0.6521,5.19
CHEMBL2028049,0.35,5.475
CHEMBL1530629,0.5488,5.655
FXQQYKFRGWXMDW-UHFFFAOYSA-N,0.9092,5.866
CHEMBL4293085,0.0689,4.574
CHEMBL2147308,0.3254,5.011
CHEMBL224918,0.3342,5.402
FYKIECZTVKTYET-JTQLQIEISA-N,0.1316,5.251
FYKIECZTVKTYET-SNVBAGLBSA-N,0.1316,5.251
CHEMBL4571117,0.139,4.554
CHEMBL4476261,0.1632,4.621
CHEMBL3793411,0.3027,4.678
CHEMBL602234,0.7966,5.703
FZGLMUVHAHVYRQ-CVEARBPZSA-N,0.2138,4.809
FZGLMUVHAHVYRQ-HZPDHXFCSA-N,0.2138,4.809
FZGLMUVHAHVYRQ-JKSUJKDBSA-N,0.2138,4.809
CHEMBL2382343,0.2322,4.912
FZTPMTQPUZYBDM-SFTDATJTSA-N,0.145,4.665
CHEMBL3752154,0.5833,4.894
CHEMBL4868942,0.4751,4.964
FZYICVLAEKDHNV-UHFFFAOYSA-N,0.9754,6.858
CHEMBL550308,0.8186,5.584
GALVKTOSMSQDOV-IAGOWNOFSA-N,0.1184,4.383
CHEMBL4528630,0.8402,6.129
GAVBLSFCTDBORN-KRWDZBQOSA-N,0.9157,5.842
CHEMBL4859888,0.3046,5.087
CHEMBL399284,0.2516,5.189
CHEMBL1094211,0.745,5.642
CHEMBL1774835,0.7545,5.837
CHEMBL4791562,0.9149,7.36
CHEMBL4640840,0.3461,5.576
CHEMBL3605125,0.7118,5.86
CHEMBL1485892,0.7192,5.778
GBYLJBVPBPYLRC-UHFFFAOYSA-N,0.1445,4.815
CHEMBL4753698,0.058,4.557
CHEMBL247648,0.1087,4.915
GCNZXETZIBQOCG-UHFFFAOYSA-N,0.9029,5.455
CHEMBL218410,0.0804,4.494
CHEMBL1809073,0.5219,5.076
CHEMBL3957343,0.2168,5.424
CHEMBL3798527,0.1724,4.71
CHEMBL1170926,0.3596,4.873
CHEMBL2364639,0.3879,4.903
CHEMBL2048592,0.5152,5.369
CHEMBL1092377,0.9432,5.62
CHEMBL1684954,0.5681,5.441
GEZJANXQGHIRIL-UHFFFAOYSA-N,0.0463,4.848
GFGDEBIFXMGQCV-UHFFFAOYSA-N,0.9184,6.24
CHEMBL4862137,0.229,4.806
CHEMBL2017087,0.1387,4.966
CHEMBL539863,0.4438,6.057
CHEMBL564741,0.9191,5.648
CHEMBL4525653,0.8315,5.95
CHEMBL4573960,0.8315,5.95
GFSLVODSBSASAE-UHFFFAOYSA-N,0.9375,5.782
CHEMBL519252,0.8773,5.614
CHEMBL2324241,0.9061,5.789
CHEMBL4848550,0.9441,5.804
CHEMBL4869437,0.9441,5.804
CHEMBL4748367,0.5335,5.135
CHEMBL4845782,0.4475,5.458
GHAFGFMIKAKPNE-UHFFFAOYSA-N,0.1448,4.858
CHEMBL2070936,0.1928,5.003
CHEMBL4641459,0.7501,5.548
CHEMBL1382216,0.1259,4.843
CHEMBL3605143,0.8168,6.281
CHEMBL3900512,0.9662,5.882
CHEMBL2012030,0.9045,5.738
GIRNNXRPCSPWRH-QGZVFWFLSA-N,0.7129,5.029
CHEMBL3608755,0.0437,4.383
CHEMBL4567042,0.7949,6.107
CHEMBL4463714,0.3032,5.268
CHEMBL247823,0.4801,5.074
CHEMBL216323,0.4006,4.951
CHEMBL5089365,0.8908,5.363
GJDSWDTYDJNYHK-QZTJIDSGSA-N,0.2268,4.65
GJESUBAPEJHPIP-UHFFFAOYSA-N,0.0781,4.773
CHEMBL553238,0.9217,5.848
CHEMBL2207277,0.4702,5.339
CHEMBL3415597,0.4336,5.1
CHEMBL4866102,0.67,5.751
GKZODULLMBHNRP-UHFFFAOYSA-N,0.2474,5.006
GLAFJHYUSDSQSZ-MRXNPFEDSA-N,0.8767,5.16
CHEMBL2022867,0.5791,5.455
CHEMBL4633025,0.258,5.749
CHEMBL3218997,0.796,5.857
CHEMBL2017111,0.4028,4.932
GMXHMQMYAPKEPQ-UHFFFAOYSA-N,0.0914,5.506
CHEMBL1835999,0.25,5.2
CHEMBL379690,0.3977,5.111
CHEMBL2324239,0.9165,5.992
GNOFMAJGHCHTED-UHFFFAOYSA-N,0.816,5.723
CHEMBL4218894,0.1717,4.94
CHEMBL1835150,0.5737,5.228
CHEMBL4164312,0.8064,5.447
GOMIDUKJIYVMRM-UHFFFAOYSA-N,0.8457,5.355
CHEMBL581489,0.0974,5.658
GOQCONHIZCNEEW-UHFFFAOYSA-N,0.0269,4.727
CHEMBL4284935,0.1224,4.974
CHEMBL1619026,0.7498,5.149
GPSDQFZLEDKOLT-UHFFFAOYSA-N,0.5768,5.197
CHEMBL4872359,0.3136,4.911
CHEMBL4076097,0.6337,5.291
CHEMBL4451430,0.5347,5.122
CHEMBL563700,0.7707,5.353
CHEMBL3422967,0.6893,5.919
CHEMBL4519474,0.0557,4.856
CHEMBL53661,0.9503,6.312
CHEMBL4532124,0.1944,4.927
CHEMBL1684684,0.0656,5.258
CHEMBL4093614,0.1395,5.231
CHEMBL245969,0.286,4.76
GUDINVDDTUIEOB-UHFFFAOYSA-N,0.7217,5.314
CHEMBL17157,0.9096,6.612
CHEMBL4515510,0.1738,4.601
CHEMBL3890736,0.3944,4.92
CHEMBL4779384,0.9288,7.358
CHEMBL3422768,0.5466,5.403
CHEMBL3822619,0.4865,5.017
CHEMBL1096494,0.1161,5.345
CHEMBL3310484,0.9288,5.743
CHEMBL4090491,0.2923,4.669
CHEMBL1761673,0.95,6.178
CHEMBL4462577,0.1884,5.166
CHEMBL375571,0.2334,4.732
CHEMBL3084348,0.6953,5.531
GWIZXXHLLCWNHJ-UHFFFAOYSA-N,0.9707,5.89
CHEMBL4634180,0.0645,5.347
CHEMBL4578698,0.4115,5.062
CHEMBL2207657,0.837,5.548
CHEMBL3785343,0.3672,5.025
CHEMBL3764895,0.313,5.257
CHEMBL1616787,0.8131,6.037
CHEMBL4217023,0.4158,5.033
CHEMBL1684698,0.1426,5.36
CHEMBL3906863,0.7967,5.377
CHEMBL3605122,0.5718,5.694
CHEMBL3290012,0.9611,6.329
CHEMBL2333617,0.7456,5.036
CHEMBL572996,0.1081,5.041
CHEMBL4205778,0.2165,5.543
CHEMBL4544141,0.2372,4.62
CHEMBL253024,0.9874,6.684
CHEMBL375131,0.8583,5.583
CHEMBL4159383,0.3858,5.112
CHEMBL4094185,0.2316,5.197
CHEMBL4060757,0.4627,5.488
CHEMBL4240867,0.9683,5.704
CHEMBL257536,0.6448,5.53
CHEMBL4450947,0.9469,5.978
CHEMBL5073598,0.5525,5.024
CHEMBL4105630,0.4377,5.136
CHEMBL2031477,0.533,5.088
CHEMBL1823049,0.4684,5.051
CHEMBL4868731,0.0919,4.689
CHEMBL1833986,0.5534,5.546
HBIASEVIOCHSGV-UHFFFAOYSA-N,0.0854,4.706
CHEMBL3605120,0.6062,5.304
CHEMBL4216476,0.0403,5.171
CHEMBL4102183,0.5497,5.222
CHEMBL1223954,0.9584,6.213
CHEMBL2333622,0.8447,5.341
CHEMBL5085580,0.0806,4.709
HCSAQIRIRKRLLP-UHFFFAOYSA-N,0.6663,5.111
HDTIDWILXIEUPR-UHFFFAOYSA-N,0.944,5.84
CHEMBL2204940,0.8585,5.755
CHEMBL446703,0.5714,5.447
CHEMBL4781364,0.4169,4.608
CHEMBL4778578,0.4169,4.608
CHEMBL4282585,0.7794,5.124
CHEMBL5081532,0.5666,5.033
CHEMBL4641678,0.3257,5.321
CHEMBL248195,0.1409,5.055
HEPHASPZCGRUAG-UHFFFAOYSA-N,0.5172,5.198
CHEMBL1223817,0.8223,6.863
CHEMBL1223871,0.8223,6.863
CHEMBL3799115,0.3354,4.713
CHEMBL4752599,0.4666,5.248
CHEMBL4435246,0.1312,5.029
CHEMBL1224091,0.2202,4.261
HFKFXQMJPUSIQI-OLZOCXBDSA-N,0.258,5.047
HFLHZJWDDGOHGW-UHFFFAOYSA-N,0.0342,4.661
CHEMBL4799304,0.5223,5.087
CHEMBL3194024,0.7025,5.434
CHEMBL1095499,0.8958,6.431
CHEMBL4241692,0.1739,5.102
HGERVBWCKKJBMC-LJQANCHMSA-N,0.4731,5.079
CHEMBL3605025,0.7525,5.904
CHEMBL375419,0.9021,5.765
CHEMBL401777,0.9322,5.625
CHEMBL4780286,0.2938,4.812
CHEMBL446514,0.5259,5.71
CHEMBL4082386,0.4496,4.909
CHEMBL2391648,0.0956,5.186
CHEMBL2436225,0.3003,5.239
HIJPXJUNOMZZGM-UHFFFAOYSA-N,0.0279,4.483
CHEMBL233047,0.8485,6.165
CHEMBL3822989,0.5114,4.923
CHEMBL3804846,0.6401,5.963
CHEMBL2386629,0.2956,4.761
CHEMBL3787339,0.4277,5.065
CHEMBL4872591,0.7144,5.283
CHEMBL559940,0.2757,4.346
CHEMBL3343216,0.8593,6.415
CHEMBL2441438,0.675,5.076
HJSOKBFUMBEYNW-PWECECGKSA-N,0.9776,7.603
CHEMBL4448207,0.1612,4.88
CHEMBL4526512,0.6998,5.713
CHEMBL1242167,0.906,6.442
CHEMBL4446835,0.2014,5.418
CHEMBL551935,0.1266,5.157
CHEMBL2441430,0.9309,6.943
CHEMBL388978,0.6187,5.756
CHEMBL4079335,0.6802,5.449
CHEMBL3318986,0.592,5.612
CHEMBL558532,0.8868,5.912
CHEMBL561392,0.5705,5.051
CHEMBL465956,0.0777,4.988
CHEMBL4062339,0.7469,5.087
CHEMBL4173341,0.6365,5.426
CHEMBL1081203,0.9904,6.021
CHEMBL4637181,0.604,5.514
CHEMBL558442,0.8735,5.754
CHEMBL4075868,0.577,4.821
CHEMBL1086524,0.9087,7.594
CHEMBL209064,0.0695,4.676
CHEMBL1094209,0.5273,5.183
CHEMBL3596507,0.1586,4.853
CHEMBL551543,0.4578,5.164
CHEMBL1204009,0.6754,5.547
CHEMBL4748177,0.6745,5.376
HPNZHZQMNZAMPI-UHFFFAOYSA-N,0.0906,4.839
CHEMBL3753902,0.4741,5.225
CHEMBL1290732,0.2947,5.021
CHEMBL1684694,0.1329,5.65
CHEMBL439304,0.4429,5.267
CHEMBL4468979,0.9293,5.966
CHEMBL2380454,0.4961,5.002
CHEMBL550535,0.685,5.717
CHEMBL4526150,0.4854,5.057
CHEMBL271844,0.9861,6.04
CHEMBL4453520,0.3944,4.79
CHEMBL3785774,0.5675,5.393
CHEMBL2315937,0.0853,4.5
CHEMBL270227,0.9974,6.565
CHEMBL2069926,0.2533,4.973
CHEMBL3207466,0.332,5.136
CHEMBL1425238,0.1618,5.688
CHEMBL1083405,0.8867,5.312
CHEMBL3962956,0.3209,5.387
CHEMBL4778540,0.3209,5.387
CHEMBL2036759,0.7115,5.714
CHEMBL2376803,0.2251,5.294
CHEMBL2159210,0.343,4.819
CHEMBL4446821,0.1198,5.249
HTQBXNHDCUEHJF-UHFFFAOYSA-N,0.1716,5.217
CHEMBL4781849,0.5913,5.366
CHEMBL560289,0.6159,5.154
CHEMBL4753307,0.7879,4.806
CHEMBL4083549,0.4832,5.047
HULQVTAEMIYULR-UHFFFAOYSA-N,0.056,5.066
CHEMBL2017112,0.3913,4.866
CHEMBL1258605,0.9626,5.709
CHEMBL1084132,0.3909,5.324
CHEMBL1923132,0.3782,4.889
CHEMBL3590465,0.8025,6.451
CHEMBL2028066,0.608,5.834
CHEMBL3769456,0.5373,5.117
CHEMBL1224024,0.3695,5.061
CHEMBL564930,0.9745,6.165
CHEMBL469514,0.7083,5.087
CHEMBL256468,0.8494,5.567
CHEMBL1800157,0.3187,5.516
CHEMBL3289797,0.3079,5.093
CHEMBL2029417,0.3142,4.727
CHEMBL3823914,0.34,4.869
CHEMBL3593760,0.1527,4.812
CHEMBL3593759,0.1527,4.812
CHEMBL3675743,0.458,4.975
CHEMBL2164365,0.5772,5.039
CHEMBL2041173,0.7649,5.671
CHEMBL445940,0.1135,5.004
CHEMBL4783569,0.3401,4.929
CHEMBL4793053,0.3389,4.925
CHEMBL1289727,0.8495,5.425
CHEMBL3422949,0.603,6.064
CHEMBL1834717,0.5464,5.43
HZEJTMIZKGGUNU-RQWKETMHSA-N,0.9393,6.596
CHEMBL2147845,0.2308,5.415
CHEMBL4646969,0.0962,5.691
CHEMBL3824103,0.2899,4.802
CHEMBL3822644,0.2899,4.802
HZYCOVJPFLILNP-GOSISDBHSA-N,0.5155,5.267
CHEMBL3942849,0.166,4.936
CHEMBL1083425,0.9018,5.691
IAQDLLVWNWQFLK-UHFFFAOYSA-N,0.0624,4.572
IASHPBTWDNSSJF-UHFFFAOYSA-N,0.0805,4.895
CHEMBL223998,0.9205,5.9
CHEMBL554693,0.9434,5.875
CHEMBL4543900,0.7619,5.7
CHEMBL375021,0.881,6.824
CHEMBL4746135,0.7553,5.627
CHEMBL1784471,0.6259,5.356
IBXQVTJYUTXWOZ-UHFFFAOYSA-N,0.7213,5.298
CHEMBL4286477,0.5077,5.017
CHEMBL4095355,0.2843,5.337
ICXWHKAGMFFTPX-UHFFFAOYSA-N,0.0849,4.864
CHEMBL4128801,0.1086,5.656
CHEMBL2036764,0.7244,5.68
CHEMBL4645293,0.2638,5.127
CHEMBL4799863,0.8801,5.831
CHEMBL1096182,0.8456,6.035
CHEMBL1642362,0.8049,5.679
CHEMBL2058837,0.4655,5.375
CHEMBL4081451,0.3278,4.867
CHEMBL247688,0.7983,5.921
CHEMBL1957792,0.7479,5.135
CHEMBL398855,0.1661,4.994
IEJXHZMFJCCDSS-UHFFFAOYSA-N,0.0566,4.463
CHEMBL4162750,0.3589,5.235
CHEMBL1921893,0.3156,5.032
CHEMBL4102051,0.3305,4.799
CHEMBL4094690,0.1874,4.706
CHEMBL2164202,0.414,5.107
CHEMBL2204270,0.2077,4.483
CHEMBL1801191,0.4767,5.724
CHEMBL4530341,0.5832,5.324
CHEMBL590201,0.5952,5.419
CHEMBL3219123,0.1129,4.721
CHEMBL3354721,0.2138,5.322
CHEMBL1644183,0.2403,5.153
CHEMBL2333632,0.7938,5.024
CHEMBL1086072,0.9097,5.857
CHEMBL2312645,0.4023,5.383
CHEMBL4635459,0.1322,5.543
CHEMBL1916533,0.8041,5.198
CHEMBL4465203,0.704,5.378
CHEMBL1221915,0.3859,4.696
CHEMBL4782111,0.4337,5.487
CHEMBL172854,0.8777,5.913
CHEMBL3086045,0.8964,6.35
CHEMBL1086506,0.9354,7.663
CHEMBL2024390,0.0573,4.764
CHEMBL3422764,0.6695,5.366
CHEMBL4069786,0.5859,5.253
CHEMBL4462946,0.4371,5.524
CHEMBL255566,0.9871,6.043
CHEMBL3422759,0.7209,5.874
CHEMBL1910316,0.9374,6.357
IKOFTAHOICQOFR-CYBMUJFWSA-N,0.8257,5.299
IKPAUHLVUSUQBQ-UHFFFAOYSA-N,0.1852,4.884
CHEMBL225090,0.8988,5.682
CHEMBL3287927,0.7858,6.041
CHEMBL1835059,0.8185,5.414
CHEMBL2386635,0.3656,4.732
CHEMBL4864407,0.0303,5.279
CHEMBL3290338,0.4306,4.687
CHEMBL3578242,0.6229,5.583
CHEMBL257525,0.9158,5.884
CHEMBL3823154,0.2751,4.71
CHEMBL3422947,0.6891,5.955
CHEMBL4755819,0.206,4.855
CHEMBL4777349,0.5573,5.334
CHEMBL3326631,0.8506,5.5
CHEMBL3586434,0.1509,4.882
CHEMBL588501,0.5012,5.42
CHEMBL4639249,0.0609,5.685
IMTFFGNCWUIJFP-RBUKOAKNSA-N,0.0259,4.373
CHEMBL317791,0.6479,5.499
CHEMBL4246475,0.9465,6.113
CHEMBL561326,0.9177,5.797
CHEMBL4541477,0.6458,5.651
CHEMBL1940315,0.1735,5.021
CHEMBL1091880,0.1902,4.58
CHEMBL429132,0.9944,5.875
CHEMBL1095553,0.5162,6.141
IOTYDSRQXWYEOM-UHFFFAOYSA-N,0.8965,5.174
CHEMBL377114,0.899,6.169
CHEMBL4086697,0.3021,4.583
CHEMBL216281,0.6365,5.7
IPJLQBKOPGEVRJ-NEPJUHHUSA-N,0.2074,4.977
CHEMBL3590452,0.9671,7.737
CHEMBL4575211,0.9317,5.832
CHEMBL585530,0.3261,5.211
CHEMBL4643264,0.1997,6.043
CHEMBL1277312,0.1711,5.084
CHEMBL5072152,0.2115,5.041
CHEMBL146624,0.3406,5.132
IRSWAIQUVPQZDP-UHFFFAOYSA-N,0.1107,5.272
CHEMBL4302264,0.2872,5.243
ISHKGFLNVPCPEG-UHFFFAOYSA-N,0.1026,4.821
CHEMBL1088805,0.1235,4.794
CHEMBL1671898,0.6494,5.297
CHEMBL4228122,0.9376,5.643
CHEMBL3763999,0.3314,5.081
CHEMBL4846092,0.8887,5.355
CHEMBL4083348,0.427,5.0
CHEMBL5074068,0.7152,5.224
CHEMBL3605127,0.526,5.225
CHEMBL3792542,0.61,4.896
CHEMBL1809066,0.7098,5.232
CHEMBL1809065,0.5612,5.203
CHEMBL4760207,0.2047,5.806
CHEMBL2180841,0.4185,5.065
CHEMBL3605118,0.2779,5.203
CHEMBL4100562,0.7148,5.687
IUMNXTDJMIBGKF-OFNKIYASSA-N,0.083,5.608
CHEMBL1097718,0.8457,5.415
IVAQITIIINVXDO-UHFFFAOYSA-N,0.0657,4.816
CHEMBL4758424,0.9839,7.902
IVQOSXHMIKOTIP-UHFFFAOYSA-N,0.41,4.817
CHEMBL4097778,0.1438,4.8
CHEMBL467533,0.4001,4.937
CHEMBL1172438,0.9512,5.328
CHEMBL4098778,0.7076,6.181
CHEMBL4455268,0.7628,5.178
CHEMBL1809069,0.3363,5.043
CHEMBL4746627,0.266,5.713
CHEMBL2333643,0.7359,5.006
CHEMBL3753613,0.643,5.2
CHEMBL3785952,0.9268,6.165
CHEMBL3969113,0.152,4.878
CHEMBL435886,0.7344,5.653
CHEMBL4528713,0.2802,4.865
IXVMCNGJHBSZSM-UHFFFAOYSA-N,0.7598,5.213
CHEMBL551308,0.6323,5.723
CHEMBL585856,0.946,6.409
CHEMBL1393312,0.4714,5.312
CHEMBL534319,0.8563,6.128
IYVIYWIRAJCIRW-OYLFLEFRSA-N,0.9676,7.593
CHEMBL1921888,0.2265,4.834
IYZGDOJPHGCLOE-MRXNPFEDSA-N,0.3271,4.904
CHEMBL1771138,0.2292,5.516
CHEMBL526981,0.245,4.942
CHEMBL384880,0.755,5.811
CHEMBL5093161,0.0815,4.76
IZJZSFQNGRBZAU-UHFFFAOYSA-N,0.0561,4.82
CHEMBL172296,0.9093,6.047
CHEMBL1083772,0.8642,6.048
CHEMBL4643511,0.5339,5.432
CHEMBL3310485,0.9293,5.788
CHEMBL2333616,0.8091,5.0
CHEMBL601957,0.4824,5.335
CHEMBL4864514,0.4238,5.362
CHEMBL541435,0.9163,5.61
CHEMBL5081571,0.4751,4.903
CHEMBL4549695,0.1227,4.996
CHEMBL5095181,0.1447,4.862
CHEMBL4634696,0.9448,5.725
CHEMBL2170051,0.7975,5.455
CHEMBL1829620,0.6791,4.894
CHEMBL4560522,0.718,5.731
CHEMBL3604693,0.8065,6.315
CHEMBL4159308,0.3586,5.252
CHEMBL215526,0.8483,5.086
CHEMBL588859,0.63,5.406
CHEMBL247829,0.1193,5.076
CHEMBL247828,0.1193,5.076
CHEMBL400488,0.1193,5.076
JEBURGBMPSDSFT-LRTDYKAYSA-N,0.3636,4.623
CHEMBL1809062,0.8165,5.574
CHEMBL3586441,0.1943,4.658
CHEMBL1222800,0.3735,5.376
CHEMBL1950292,0.3653,5.092
JEMUKCQHZZLARU-CQSZACIVSA-N,0.5363,4.892
CHEMBL3925332,0.58,4.999
JEQFKXKYXLHVQE-CQSZACIVSA-N,0.1366,4.317
CHEMBL3422948,0.6857,5.771
JFFLQACNEMRJEZ-UHFFFAOYSA-N,0.2238,5.719
CHEMBL4469488,0.3069,5.33
CHEMBL593521,0.9494,6.204
CHEMBL520543,0.5168,5.642
CHEMBL2315926,0.198,4.831
CHEMBL3422961,0.7265,6.366
CHEMBL1224217,0.7998,5.505
CHEMBL476130,0.8148,5.354
CHEMBL4866240,0.2326,5.118
CHEMBL4514358,0.4025,4.776
CHEMBL1224069,0.8152,5.689
CHEMBL1089681,0.9301,6.173
CHEMBL2326478,0.406,5.322
CHEMBL4852138,0.5556,5.304
CHEMBL4483643,0.9432,5.997
CHEMBL3422763,0.6888,5.671
CHEMBL3218500,0.082,4.879
CHEMBL4632688,0.2784,5.094
CHEMBL3288030,0.1939,5.005
CHEMBL4758420,0.396,5.442
CHEMBL1085779,0.9677,8.194
CHEMBL4075415,0.2002,5.046
CHEMBL1095419,0.237,5.663
CHEMBL2017408,0.7847,5.747
CHEMBL3422962,0.6595,5.676
CHEMBL221178,0.6236,5.857
CHEMBL4069466,0.3949,4.775
CHEMBL3422966,0.6568,5.688
CHEMBL4866325,0.6896,5.304
CHEMBL4742368,0.2387,4.796
CHEMBL478395,0.9231,5.378
CHEMBL485629,0.0974,4.628
CHEMBL1091162,0.2295,4.925
CHEMBL4634377,0.0684,5.42
CHEMBL4527253,0.3466,4.832
CHEMBL4763365,0.7159,5.376
CHEMBL533399,0.9694,6.666
CHEMBL3581788,0.1889,4.962
CHEMBL1172157,0.9384,5.354
CHEMBL1779006,0.8341,5.533
CHEMBL2177308,0.7429,5.412
JMUJEVQDCVELNK-UHFFFAOYSA-N,0.0963,4.796
CHEMBL462508,0.9437,6.161
JNUAKGPTMPMPKV-UHFFFAOYSA-N,0.4533,5.178
JOASMTKSLXBRIH-PMACEKPBSA-N,0.0525,4.326
CHEMBL1097144,0.4336,5.821
CHEMBL4798829,0.7788,5.761
JOCWXGMGWYJOMZ-UHFFFAOYSA-N,0.4714,5.078
JOJIUFHACKTRJS-UHFFFAOYSA-N,0.9207,5.818
CHEMBL491119,0.4562,5.185
CHEMBL2333624,0.7698,4.832
CHEMBL271909,0.9338,5.348
CHEMBL1271273,0.411,5.325
CHEMBL2207286,0.7369,5.832
CHEMBL1222485,0.3515,5.185
CHEMBL1090817,0.1454,4.738
CHEMBL1910315,0.9837,6.406
CHEMBL1835035,0.6593,5.339
CHEMBL5077699,0.6633,5.46
CHEMBL250877,0.677,5.725
CHEMBL3752949,0.3622,4.859
CHEMBL2042321,0.1007,4.666
CHEMBL3898341,0.7585,5.485
CHEMBL174214,0.9242,5.926
CHEMBL4472207,0.6471,6.064
CHEMBL4554707,0.1796,5.239
CHEMBL274168,0.8049,5.282
CHEMBL4779944,0.49,4.851
JQUCWIWWWKZNCS-LESHARBVSA-N,0.3028,5.096
CHEMBL4513602,0.1214,5.026
CHEMBL270852,0.9626,5.56
CHEMBL4171105,0.1183,4.856
JRKURIQDOTVMED-UHFFFAOYSA-N,0.3706,4.716
CHEMBL5083772,0.192,4.852
CHEMBL1909989,0.4013,5.25
CHEMBL466702,0.7026,5.096
CHEMBL3604797,0.8368,6.327
CHEMBL4101684,0.5271,5.637
CHEMBL4160434,0.2636,5.057
CHEMBL1224267,0.2812,5.319
CHEMBL4228387,0.982,6.084
CHEMBL4457150,0.5203,5.579
JTNNAGHHDVKLKB-UHFFFAOYSA-N,0.1038,4.944
CHEMBL486770,0.4659,5.221
CHEMBL532079,0.5807,5.099
CHEMBL2177904,0.636,5.399
CHEMBL2177309,0.636,5.399
CHEMBL4759597,0.9813,7.727
CHEMBL1083562,0.8103,5.709
CHEMBL255417,0.8872,5.632
CHEMBL5091256,0.4666,5.061
CHEMBL1796064,0.7352,5.327
CHEMBL426482,0.5744,5.481
CHEMBL4777831,0.854,5.546
CHEMBL4225434,0.9317,6.206
JVZGLRHIUDPKQN-UHFFFAOYSA-N,0.0595,4.772
CHEMBL3288811,0.4714,4.902
JWOJDKMHSKNBEA-CQSZACIVSA-N,0.8753,5.447
CHEMBL3799166,0.3083,4.867
CHEMBL4237868,0.1443,4.902
CHEMBL2158625,0.8462,5.746
CHEMBL4854730,0.5334,5.332
CHEMBL4082468,0.3552,4.877
CHEMBL374690,0.6569,5.455
CHEMBL3753257,0.6188,5.416
JYBMCMRJDIBBGJ-RTBURBONSA-N,0.3357,5.43
CHEMBL4466893,0.4426,5.151
CHEMBL2164209,0.4099,5.093
CHEMBL4279795,0.7533,6.454
CHEMBL4646990,0.48,5.113
CHEMBL4282148,0.5552,5.346
CHEMBL111,0.7319,5.619
CHEMBL4576115,0.7387,5.478
CHEMBL1921890,0.5122,5.216
CHEMBL1829616,0.8998,5.512
CHEMBL2180032,0.2873,5.061
CHEMBL1957677,0.8313,5.208
CHEMBL3289803,0.2727,4.996
CHEMBL385049,0.0948,5.131
KAXFCXIHQXDECG-UHFFFAOYSA-N,0.2429,5.81
CHEMBL2024393,0.0567,4.754
CHEMBL408208,0.9404,6.341
KBFQXTVCSCMAII-UHFFFAOYSA-N,0.9192,6.011
KBGWZGPHOUVUNV-NEPJUHHUSA-N,0.1775,4.981
CHEMBL1822302,0.5661,5.034
CHEMBL4281089,0.1654,4.741
CHEMBL1453439,0.3272,5.457
CHEMBL1083429,0.1165,4.583
CHEMBL3417530,0.5708,5.247
CHEMBL4099807,0.6789,5.047
CHEMBL1289267,0.8665,5.51
CHEMBL2030449,0.0594,5.443
CHEMBL205872,0.1885,4.83
CHEMBL1095418,0.0916,5.136
CHEMBL5073381,0.6124,5.456
CHEMBL1956112,0.6892,5.571
CHEMBL245118,0.9937,6.288
CHEMBL2391645,0.1171,5.119
CHEMBL609628,0.6498,5.32
CHEMBL381533,0.3143,5.073
KFLSOLHBDJRYHR-UHFFFAOYSA-N,0.1343,5.092
CHEMBL3774490,0.9982,6.453
CHEMBL3286739,0.0735,5.101
CHEMBL2431809,0.4618,5.172
CHEMBL321494,0.4365,5.4
CHEMBL4297458,0.6292,5.253
CHEMBL4101067,0.4,5.083
CHEMBL5095248,0.1463,4.898
CHEMBL2048589,0.4337,5.36
CHEMBL473772,0.7583,6.086
CHEMBL2171415,0.69,5.298
CHEMBL529213,0.6001,5.14
CHEMBL4543897,0.8478,6.215
CHEMBL3582240,0.4321,5.037
CHEMBL4170966,0.5751,5.237
KICAOHIBDYKDCJ-UHFFFAOYSA-N,0.7475,5.419
CHEMBL1982010,0.6727,5.416
CHEMBL3393862,0.7861,6.145
CHEMBL2333636,0.655,4.831
CHEMBL4634061,0.7783,5.703
CHEMBL4081790,0.579,5.105
CHEMBL2147309,0.4445,5.262
CHEMBL2178600,0.0771,5.077
CHEMBL568892,0.9583,6.521
KJFOURHTDLDEJK-UHFFFAOYSA-N,0.7391,6.447
CHEMBL1809068,0.5876,5.173
CHEMBL2204249,0.1828,4.517
CHEMBL2177906,0.7462,5.427
CHEMBL1092126,0.9452,5.746
CHEMBL2333635,0.6882,5.095
CHEMBL4647741,0.4729,5.601
CHEMBL1269956,0.7811,6.199
CHEMBL3898132,0.483,5.194
CHEMBL1322689,0.8074,6.34
CHEMBL3422977,0.7495,6.239
CHEMBL246635,0.5009,5.599
CHEMBL4647766,0.3113,5.952
CHEMBL4474647,0.0654,4.656
KNENTTYNZCIRQS-UHFFFAOYSA-N,0.9196,5.959
CHEMBL245598,0.1471,5.088
KNLBIDQEOADOEM-HUUCEWRRSA-N,0.2065,4.753
CHEMBL1171030,0.956,5.782
CHEMBL3634015,0.192,4.981
CHEMBL484753,0.2976,4.796
CHEMBL2159341,0.2724,4.909
CHEMBL4550271,0.6586,5.704
CHEMBL4856430,0.0417,4.861
CHEMBL4240447,0.5537,5.291
CHEMBL2204252,0.335,4.926
CHEMBL1084385,0.8689,5.429
CHEMBL4163702,0.3468,5.455
CHEMBL3422754,0.7364,6.003
CHEMBL367106,0.9151,7.076
KPESYVJNOVNDGE-UHFFFAOYSA-N,0.2178,5.804
CHEMBL1650110,0.4795,5.054
CHEMBL1684685,0.0327,5.189
CHEMBL2028019,0.8666,5.556
CHEMBL251346,0.2487,5.102
CHEMBL4451514,0.2582,5.134
CHEMBL2151145,0.3031,5.095
KQNGZWUJPKEOIL-UHFFFAOYSA-N,0.4518,4.848
CHEMBL2017573,0.4914,4.832
CHEMBL1552719,0.3479,5.645
CHEMBL211012,0.7335,5.813
CHEMBL4064317,0.2306,4.828
CHEMBL4560963,0.4854,5.055
CHEMBL3754123,0.5371,5.312
CHEMBL4207309,0.4156,5.175
KTERBHGAOPMQME-UHFFFAOYSA-N,0.0972,5.292
CHEMBL2380448,0.6108,5.02
CHEMBL4855936,0.2703,5.478
CHEMBL4092827,0.3681,5.151
CHEMBL2333618,0.8064,5.105
CHEMBL4079697,0.1926,4.838
CHEMBL1829621,0.7749,5.195
CHEMBL585509,0.8983,6.11
CHEMBL2181490,0.3021,4.966
KTWZQUSCMBMKAR-UHFFFAOYSA-N,0.3169,5.085
CHEMBL3290344,0.2424,4.487
CHEMBL3356240,0.9285,5.773
CHEMBL1809063,0.7586,5.469
KVBITJQMDOZXFN-UHFFFAOYSA-N,0.0353,4.647
CHEMBL4064366,0.3508,4.861
KVJVCXGPNSNZGV-ZYXJOJAPSA-N,0.6162,5.376
CHEMBL1082466,0.9384,7.593
CHEMBL2207747,0.3238,5.343
CHEMBL1813316,0.8863,5.529
CHEMBL1813317,0.8863,5.529
CHEMBL2409405,0.082,4.827
CHEMBL2041189,0.27,4.718
CHEMBL250979,0.2862,5.148
CHEMBL456808,0.2385,4.735
CHEMBL563495,0.8191,5.631
KWZTVVFHLUDCLT-OAHLLOKOSA-N,0.8602,5.631
CHEMBL5072213,0.1155,4.906
CHEMBL567417,0.5887,5.332
CHEMBL3673194,0.3524,4.83
CHEMBL3314420,0.2544,5.142
CHEMBL1957788,0.5593,5.181
CHEMBL2041185,0.2045,4.548
CHEMBL532525,0.6645,6.29
KYGBERMNMHOSMC-UHFFFAOYSA-N,0.5773,5.243
CHEMBL4071960,0.2625,4.962
CHEMBL4091200,0.2625,4.962
CHEMBL563251,0.6209,5.069
CHEMBL5093650,0.8112,5.176
KYVZBLQQLBOCDU-UHFFFAOYSA-N,0.187,4.747
CHEMBL3422980,0.7722,6.344
KYYVAMJLDCNSAX-UHFFFAOYSA-N,0.582,5.869
CHEMBL597276,0.345,5.036
KZDDINPPQJQWSK-UHFFFAOYSA-N,0.6854,5.28
CHEMBL3393864,0.5986,5.877
KZTQRGRPZOLMSL-CQSZACIVSA-N,0.8594,5.371
CHEMBL4483816,0.4889,5.201
LABYYQDVMIVTJP-HTQZYQBOSA-N,0.0408,4.621
CHEMBL3291066,0.0835,4.573
CHEMBL258090,0.9951,5.935
CHEMBL2059307,0.4616,4.926
LAOKNTCIMWLGDD-SGTLLEGYSA-N,0.484,5.182
CHEMBL4632819,0.2119,5.144
LBKZCCBZNZAAMS-SHACYNPGSA-N,0.9777,6.932
CHEMBL4584335,0.9788,6.614
LBUXFIGKVFCKLV-UHFFFAOYSA-N,0.1956,5.001
CHEMBL3586432,0.1199,4.81
LCJBANUDMYBFLQ-UHFFFAOYSA-N,0.9253,5.414
CHEMBL3605126,0.7286,5.71
CHEMBL1836149,0.7849,5.473
CHEMBL1823050,0.3519,4.828
CHEMBL5074659,0.6166,5.269
CHEMBL368204,0.9114,5.673
CHEMBL2380442,0.5444,5.091
CHEMBL1201193,0.4981,5.488
CHEMBL2447962,0.4981,5.488
CHEMBL1200396,0.4981,5.488
CHEMBL487485,0.7893,6.04
CHEMBL3605148,0.7171,5.845
CHEMBL4870498,0.9724,7.115
CHEMBL3115192,0.5354,5.592
CHEMBL579331,0.5157,5.487
CHEMBL4586372,0.4056,5.635
CHEMBL4060355,0.6699,5.034
CHEMBL3417042,0.6948,6.443
CHEMBL3728620,0.3134,6.238
CHEMBL5091825,0.0936,4.978
LFYNHAXLOHOWGV-CYBMUJFWSA-N,0.8711,5.718
CHEMBL3326784,0.8932,5.672
CHEMBL1836148,0.8087,5.406
CHEMBL1808620,0.0374,4.693
CHEMBL2036767,0.7435,5.657
CHEMBL1684688,0.1422,5.668
CHEMBL2036756,0.957,6.206
CHEMBL4449815,0.436,5.033
CHEMBL4747184,0.0332,4.464
CHEMBL5093378,0.6414,5.976
CHEMBL4459066,0.0887,4.987
CHEMBL2324355,0.2699,5.363
CHEMBL271631,0.9863,5.817
CHEMBL1086317,0.7453,5.407
LJJDESBRAYSEJO-XFMPKHEZSA-N,0.3633,5.072
CHEMBL233612,0.3472,5.284
CHEMBL1258380,0.9936,6.222
CHEMBL3958309,0.9863,6.582
CHEMBL63560,0.1648,4.954
CHEMBL409,0.1648,4.954
CHEMBL3605007,0.4829,5.237
CHEMBL2086582,0.2211,5.047
CHEMBL551386,0.8993,5.489
CHEMBL1681819,0.143,5.502
CHEMBL3604331,0.1558,4.719
CHEMBL4168533,0.2522,4.843
CHEMBL1957793,0.7082,5.268
CHEMBL1684683,0.1337,5.675
CHEMBL1964945,0.2577,5.407
CHEMBL246050,0.4023,4.741
CHEMBL3753978,0.5078,5.306
CHEMBL1097467,0.5359,5.824
CHEMBL4278161,0.9588,6.286
CHEMBL3604999,0.2869,5.19
CHEMBL2386636,0.3828,4.765
CHEMBL3589152,0.2672,5.065
CHEMBL556093,0.3073,5.298
CHEMBL3699565,0.9237,5.931
CHEMBL515919,0.7093,5.752
CHEMBL177807,0.7614,5.441
CHEMBL3740162,0.2848,5.989
LMZPNUTXBLCHOF-UHFFFAOYSA-N,0.2606,5.159
CHEMBL399232,0.1427,4.975
CHEMBL5075517,0.2861,5.129
CHEMBL3416023,0.77,5.137
CHEMBL4287698,0.805,6.159
LOAVXRSZRSGZNK-UHFFFAOYSA-N,0.0437,4.573
CHEMBL2028046,0.6596,5.718
CHEMBL222863,0.0771,4.283
CHEMBL1818296,0.6942,5.632
CHEMBL2207672,0.6186,5.703
CHEMBL4646921,0.107,5.285
CHEMBL2312648,0.4885,5.547
CHEMBL4636824,0.0809,5.593
CHEMBL2180034,0.2917,5.25
CHEMBL2324238,0.8185,5.482
CHEMBL2069427,0.3634,4.924
CHEMBL1083427,0.8616,5.698
CHEMBL1782572,0.4798,4.959
CHEMBL2069505,0.9925,6.784
LRUCLVITMJKUIO-XXBNENTESA-N,0.7312,6.159
CHEMBL3786182,0.3294,4.975
CHEMBL4068539,0.6645,5.377
CHEMBL2059324,0.8221,5.372
CHEMBL4745425,0.49,5.274
CHEMBL4635160,0.7069,5.374
CHEMBL1094658,0.1845,5.123
CHEMBL3688197,0.1727,5.048
CHEMBL4217292,0.535,5.352
CHEMBL4642934,0.1426,5.657
CHEMBL3290346,0.202,4.64
CHEMBL4643001,0.8689,5.322
CHEMBL2441419,0.5587,4.882
CHEMBL3127707,0.0564,4.551
CHEMBL565829,0.3054,5.189
CHEMBL4754597,0.2734,4.879
CHEMBL4640428,0.3678,5.094
CHEMBL2040895,0.4772,5.335
LUNVJLGVMLVBOP-UHFFFAOYSA-N,0.9791,6.615
LUODNKWFGRJVEH-UHFFFAOYSA-N,0.7868,5.896
CHEMBL3792861,0.6386,5.018
CHEMBL3099951,0.9484,6.175
CHEMBL5089539,0.1417,4.723
CHEMBL4084304,0.5032,5.1
CHEMBL4564126,0.1728,5.737
LVHUHUSLXGNDSQ-UHFFFAOYSA-N,0.7864,5.135
LVTITHFSOZBRMM-UHFFFAOYSA-N,0.9167,5.813
LVYKJFMGPICBJK-UHFFFAOYSA-N,0.1272,4.694
CHEMBL2164397,0.7347,5.388
LWAMGHCFIUVAKW-NKWVEPMBSA-N,0.0525,4.657
LWAMGHCFIUVAKW-RNFRBKRXSA-N,0.0525,4.657
CHEMBL4551177,0.7773,5.992
CHEMBL2069510,0.9133,6.296
LXBZRTFPUMGGNZ-UHFFFAOYSA-N,0.0515,4.792
CHEMBL4249629,0.2088,4.697
CHEMBL4751971,0.9808,7.531
CHEMBL1760251,0.8228,5.541
CHEMBL3422982,0.4908,5.548
CHEMBL3650841,0.5348,5.133
CHEMBL1082496,0.7093,5.324
CHEMBL5087175,0.6938,5.294
CHEMBL3586440,0.1701,4.659
CHEMBL3417043,0.5803,5.415
CHEMBL1093362,0.4209,5.154
CHEMBL1289386,0.7853,5.526
LZYHBBIARMIKJV-UHFFFAOYSA-N,0.9526,5.915
MACPRACNPYALGP-UHFFFAOYSA-N,0.9403,5.659
CHEMBL523535,0.9226,5.884
CHEMBL3800606,0.3608,4.958
CHEMBL3585955,0.2425,5.001
CHEMBL3422765,0.6388,5.734
CHEMBL469950,0.5507,4.928
CHEMBL4745796,0.3304,5.329
MCXXAYHNCRXBKX-NEPJUHHUSA-N,0.233,4.941
CHEMBL4472377,0.563,5.614
CHEMBL2381898,0.5094,5.251
CHEMBL174457,0.8921,5.828
CHEMBL272702,0.8389,5.558
CHEMBL4645343,0.6937,6.137
CHEMBL1951899,0.6449,4.991
CHEMBL1927832,0.0418,4.706
CHEMBL1730394,0.4194,5.61
CHEMBL4459792,0.4269,5.778
CHEMBL2315927,0.3532,4.644
CHEMBL1835141,0.7568,5.5
CHEMBL3793060,0.7424,5.092
CHEMBL2028043,0.0689,4.827
CHEMBL4642508,0.0432,5.285
CHEMBL490937,0.589,5.374
CHEMBL2391788,0.2342,5.027
CHEMBL4435877,0.1579,5.13
CHEMBL4876389,0.7697,5.093
CHEMBL2207500,0.2193,4.814
CHEMBL3329819,0.0723,4.862
MHFVKTJHLKVXQQ-AEFFLSMTSA-N,0.2554,4.808
MHFVKTJHLKVXQQ-ATNAJCNCSA-N,0.2554,4.808
CHEMBL2042163,0.2688,5.404
CHEMBL4218430,0.2623,5.518
CHEMBL3115116,0.0094,4.042
MHZIGJBWNNGGBZ-UHFFFAOYSA-N,0.1551,5.003
MHZZVGCHJXSMAS-UHFFFAOYSA-N,0.9801,6.143
CHEMBL532987,0.4929,5.187
CHEMBL4796436,0.2267,4.719
CHEMBL556312,0.908,5.65
CHEMBL230671,0.6686,5.912
CHEMBL3357634,0.2002,5.505
CHEMBL402087,0.9924,6.022
CHEMBL428747,0.0586,4.321
CHEMBL551471,0.439,5.246
CHEMBL2326477,0.3835,5.38
CHEMBL3823301,0.3035,4.83
MKIPSVFIUPQSPC-SFTDATJTSA-N,0.1842,4.462
CHEMBL4644636,0.2168,4.989
CHEMBL4539841,0.5867,5.762
CHEMBL1258381,0.9947,6.138
CHEMBL1762472,0.8789,5.482
CHEMBL4850731,0.1631,4.873
MKXCZQZVGINDAG-UHFFFAOYSA-N,0.8485,5.752
CHEMBL4876889,0.9547,5.974
CHEMBL1784466,0.1912,4.687
CHEMBL1938952,0.1943,5.144
CHEMBL4061488,0.94,5.772
CHEMBL3596505,0.1414,4.697
CHEMBL3263270,0.1579,4.676
CHEMBL1290731,0.3057,5.032
MLUVEMSNRPMVHW-UHFFFAOYSA-N,0.8736,5.95
CHEMBL256473,0.9957,5.894
CHEMBL4079225,0.8177,5.362
CHEMBL3422758,0.7686,6.108
MNAXXXADIXEEEN-UHFFFAOYSA-N,0.162,5.398
CHEMBL5087842,0.8348,5.274
CHEMBL534283,0.3416,5.473
MNOAWTHFMRYBAW-UHFFFAOYSA-N,0.7952,5.623
CHEMBL2325217,0.8901,5.757
CHEMBL5078692,0.1639,5.036
CHEMBL602586,0.5914,5.758
MOSUHPUFLYLQDT-PEBXRYMYSA-N,0.9429,6.86
CHEMBL1099211,0.2466,5.882
CHEMBL487912,0.8528,5.425
CHEMBL554299,0.2983,4.934
CHEMBL580654,0.1824,5.183
CHEMBL3353541,0.2665,5.24
CHEMBL1921895,0.3669,5.176
CHEMBL4070542,0.1665,4.634
CHEMBL2333619,0.7818,5.018
CHEMBL564059,0.1923,5.394
CHEMBL4870339,0.0368,5.168
CHEMBL4074997,0.7546,5.384
CHEMBL4066520,0.5377,5.206
CHEMBL3775482,0.9933,6.865
CHEMBL1782378,0.3123,4.881
CHEMBL2177913,0.727,5.598
CHEMBL2177912,0.727,5.598
CHEMBL225311,0.8839,5.305
CHEMBL3359239,0.9576,6.293
CHEMBL4093540,0.5522,4.957
CHEMBL4792651,0.3457,5.011
CHEMBL4562181,0.4717,5.124
CHEMBL4878007,0.6222,5.462
MTRRZGZVHTYSCU-UHFFFAOYSA-N,0.1279,4.718
CHEMBL1800772,0.5377,5.291
CHEMBL2152523,0.4479,5.072
CHEMBL2152522,0.4479,5.072
CHEMBL2024392,0.0806,5.36
CHEMBL3545367,0.4044,4.997
CHEMBL4065160,0.2793,5.096
CHEMBL2440395,0.3986,5.114
CHEMBL3604426,0.202,4.763
MUMVFZQOXPRNRA-UHFFFAOYSA-N,0.8991,5.869
CHEMBL4520755,0.658,5.502
CHEMBL4442416,0.658,5.502
CHEMBL4098434,0.6646,5.574
MVMPGBQFAWCGBD-CQSZACIVSA-N,0.8243,5.079
CHEMBL2391647,0.0794,5.068
CHEMBL214957,0.8505,5.712
CHEMBL4202587,0.5264,5.31
CHEMBL271632,0.9668,5.509
CHEMBL3091687,0.9003,5.377
CHEMBL2333633,0.6973,4.95
MYNBCWZWZNXKKD-CYBMUJFWSA-N,0.878,5.403
CHEMBL5073571,0.6835,4.997
CHEMBL1271476,0.4589,5.512
CHEMBL1761526,0.9724,6.189
CHEMBL1800776,0.5134,5.283
CHEMBL217593,0.8805,5.949
CHEMBL3747481,0.6837,5.059
CHEMBL3318984,0.6163,5.5
CHEMBL3590467,0.8197,6.32
CHEMBL4212656,0.3844,4.876
CHEMBL3422965,0.6473,5.885
CHEMBL520463,0.1219,4.716
CHEMBL4166742,0.1146,4.532
CHEMBL564144,0.972,6.128
CHEMBL3421927,0.497,5.715
CHEMBL217347,0.2206,5.384
CHEMBL1834652,0.5792,5.559
CHEMBL564812,0.2787,4.88
CHEMBL2435852,0.1879,4.54
CHEMBL1094512,0.4742,5.364
NBTIJJVBAGEXFD-UHFFFAOYSA-N,0.9099,5.437
CHEMBL2153191,0.2429,5.463
CHEMBL4784783,0.1945,4.865
CHEMBL524467,0.8938,6.837
CHEMBL4777515,0.439,5.466
CHEMBL3125272,0.1143,5.048
CHEMBL1313089,0.2443,5.352
CHEMBL4541988,0.2981,5.394
CHEMBL408513,0.149,5.613
NCOSYNYFDVJQLU-UHFFFAOYSA-N,0.6918,5.526
CHEMBL562870,0.858,5.493
CHEMBL2326473,0.0778,4.825
CHEMBL2181928,0.2252,5.052
CHEMBL4243419,0.2908,5.019
CHEMBL1172131,0.176,4.658
CHEMBL4525926,0.5857,5.744
CHEMBL2207661,0.8969,5.9
CHEMBL3127992,0.1349,5.334
CHEMBL4065208,0.6288,5.624
CHEMBL3354703,0.8283,6.332
CHEMBL4215911,0.758,5.373
CHEMBL4098331,0.7923,5.898
CHEMBL1290612,0.8494,5.636
CHEMBL3945880,0.5402,5.589
CHEMBL3952802,0.7309,5.435
CHEMBL1800775,0.2601,4.861
CHEMBL247842,0.8229,5.737
CHEMBL4790592,0.8971,7.173
CHEMBL4467839,0.5666,5.222
CHEMBL2316209,0.1577,4.663
CHEMBL4079206,0.5811,5.33
CHEMBL1389047,0.4763,5.237
CHEMBL2036730,0.1972,4.978
NGKARPNDTRDPQL-UHFFFAOYSA-N,0.1299,4.91
CHEMBL3422970,0.6285,5.743
CHEMBL4276988,0.0896,4.778
CHEMBL384658,0.4459,5.603
CHEMBL4520763,0.1714,5.348
NHTAIJISQFPYEN-UHFFFAOYSA-N,0.5201,4.979
CHEMBL1682748,0.2334,5.68
CHEMBL1172626,0.8304,4.957
CHEMBL1800137,0.4366,4.862
CHEMBL4243686,0.2775,5.197
CHEMBL4105616,0.1616,4.741
CHEMBL493972,0.6763,5.95
CHEMBL4238909,0.1676,5.031
CHEMBL238870,0.311,4.57
CHEMBL4536241,0.1956,5.13
CHEMBL4743615,0.8281,5.99
CHEMBL1668240,0.332,5.368
CHEMBL472125,0.4398,5.531
NKDVESFPKPIDIQ-WGDIFIGCSA-N,0.9212,5.448
CHEMBL1079578,0.9821,6.177
CHEMBL214768,0.8823,6.062
CHEMBL3329684,0.3625,5.777
CHEMBL4103746,0.281,4.877
CHEMBL3104250,0.1467,4.831
CHEMBL3752808,0.3276,5.191
CHEMBL1092169,0.2664,5.552
CHEMBL4060776,0.507,4.867
NLLQBYDAGGXFCP-UHFFFAOYSA-N,0.8221,5.474
CHEMBL1170608,0.3611,4.952
CHEMBL3092198,0.4235,5.029
CHEMBL3578245,0.3619,5.25
CHEMBL2028048,0.3131,5.332
CHEMBL536393,0.1859,5.227
CHEMBL3920167,0.9934,6.549
CHEMBL576256,0.4737,5.216
CHEMBL1823048,0.3186,4.872
CHEMBL1097882,0.3186,4.872
CHEMBL490026,0.7476,5.417
CHEMBL4748094,0.3191,4.854
CHEMBL4444261,0.922,5.818
CHEMBL3120265,0.8448,5.542
CHEMBL4575608,0.4448,5.793
CHEMBL1922933,0.1776,5.274
CHEMBL472442,0.8866,5.253
CHEMBL267320,0.8165,5.119
CHEMBL462605,0.9498,6.001
CHEMBL551927,0.9526,6.875
CHEMBL2312553,0.9249,6.029
CHEMBL3219283,0.2704,5.311
CHEMBL219074,0.466,4.802
CHEMBL4576302,0.4734,5.557
CHEMBL514011,0.069,4.869
CHEMBL4476674,0.3108,5.469
CHEMBL2332448,0.209,5.475
NOZAHGUXMSQBKL-UHFFFAOYSA-N,0.9905,5.872
CHEMBL4211535,0.6197,5.24
NPZARRGSHYKXTB-OAHLLOKOSA-N,0.8855,5.635
CHEMBL1951612,0.4207,4.916
CHEMBL589205,0.443,5.313
CHEMBL4466654,0.1578,5.632
NQWHSRRBFUUUAC-PMACEKPBSA-N,0.0287,4.536
CHEMBL488730,0.8259,5.556
CHEMBL256015,0.9906,5.789
CHEMBL3585951,0.5116,5.192
CHEMBL4878917,0.7012,5.337
CHEMBL3585957,0.6175,5.318
CHEMBL3800449,0.2616,4.759
CHEMBL4867703,0.1049,4.793
CHEMBL2391643,0.1023,5.072
CHEMBL1958177,0.6113,5.547
CHEMBL4635305,0.7104,5.288
CHEMBL1939174,0.415,5.245
NVCFHVCBWVPVJC-SHEKXQGRSA-N,0.1468,4.744
CHEMBL1271069,0.53,5.451
CHEMBL4218344,0.5074,5.931
NVJRVBQCUIAYAW-UHFFFAOYSA-N,0.5661,4.844
NVKVAXICGKNAFX-UHFFFAOYSA-N,0.9152,6.406
NVPPRZHNQAGZNI-UHFFFAOYSA-N,0.8501,5.523
CHEMBL1958171,0.4156,5.233
CHEMBL3344376,0.3432,5.005
CHEMBL1770752,0.6893,5.43
CHEMBL4446209,0.9444,5.671
CHEMBL5076356,0.2324,4.953
CHEMBL523525,0.9534,6.04
NXRRJKFNWSQVHY-BDAKNGLRSA-N,0.0602,4.849
NXRRJKFNWSQVHY-IUCAKERBSA-N,0.0602,4.849
CHEMBL466308,0.444,4.757
CHEMBL511742,0.444,4.757
CHEMBL2041186,0.1915,4.795
CHEMBL3331502,0.903,5.751
CHEMBL4571877,0.3911,5.337
CHEMBL3218482,0.3228,5.122
CHEMBL4590420,0.2379,4.753
CHEMBL1927162,0.9463,5.542
CHEMBL2409177,0.106,5.086
CHEMBL238871,0.3168,4.918
NZMIALRJUDGDME-SFHVURJKSA-N,0.1014,4.946
CHEMBL402853,0.9787,5.861
CHEMBL4099137,0.3654,4.854
CHEMBL2325202,0.8713,5.636
CHEMBL3359237,0.9527,6.116
CHEMBL3586435,0.154,4.853
CHEMBL1684695,0.0982,5.501
CHEMBL4091680,0.1489,5.351
CHEMBL511658,0.7126,6.086
OASZVQVLTRULBW-DNOBIOAJSA-N,0.9177,5.309
OAUXHFPOFOZZLZ-UHFFFAOYSA-N,0.8237,5.518
CHEMBL4550207,0.1452,4.808
OBAUKTZXPTWSGG-UHFFFAOYSA-N,0.1813,4.94
CHEMBL1952143,0.3661,5.191
CHEMBL480844,0.4697,4.984
CHEMBL2204243,0.1824,4.381
CHEMBL3758932,0.6228,5.701
OBVAOTOESQVABX-UHFFFAOYSA-N,0.1215,4.82
CHEMBL3326792,0.6031,5.4
CHEMBL531060,0.1497,4.886
CHEMBL3892952,0.3183,4.982
CHEMBL4227550,0.9435,5.586
CHEMBL2204256,0.0978,4.866
CHEMBL4648162,0.1757,4.731
CHEMBL3764044,0.2263,4.99
CHEMBL1089701,0.4464,5.206
CHEMBL3758410,0.0875,4.94
CHEMBL561739,0.2353,5.167
ODLAGNXUZAQEJQ-UHFFFAOYSA-N,0.051,4.73
CHEMBL3970692,0.8547,5.347
CHEMBL514217,0.6453,5.165
CHEMBL1835057,0.8894,5.415
CHEMBL1835058,0.8894,5.415
CHEMBL3590457,0.9644,6.781
CHEMBL4541637,0.2414,4.823
OETSVHHBHCIQTP-UHFFFAOYSA-N,0.1226,5.341
OEXMEESXYABYFA-UHFFFAOYSA-N,0.7922,5.352
CHEMBL4075908,0.7957,5.534
CHEMBL3753861,0.5387,5.265
CHEMBL4642317,0.6831,5.769
CHEMBL3589153,0.1447,4.976
CHEMBL3605147,0.7746,6.026
CHEMBL1958173,0.5858,5.717
CHEMBL5081320,0.3537,4.967
CHEMBL4444902,0.1999,4.798
CHEMBL587371,0.8216,5.909
CHEMBL1083409,0.1138,4.815
CHEMBL1171786,0.1004,5.088
CHEMBL2177911,0.7757,5.557
CHEMBL4082661,0.3783,4.807
CHEMBL560650,0.9466,5.761
CHEMBL112065,0.9477,6.013
CHEMBL3422964,0.5727,5.697
OKPCNTOTQWKFHG-UHFFFAOYSA-N,0.2452,5.05
CHEMBL2435858,0.6217,5.415
CHEMBL3422957,0.6369,6.144
CHEMBL563563,0.9417,6.304
OLLWXMDGFDGOBR-UHFFFAOYSA-N,0.3807,4.709
CHEMBL2147024,0.7854,5.856
CHEMBL367169,0.8006,5.631
CHEMBL3414707,0.3097,4.927
CHEMBL3604803,0.7399,5.985
CHEMBL4218903,0.6515,5.161
CHEMBL4741509,0.3043,5.123
CHEMBL4066423,0.7268,5.483
OMXHWXRBTNLINY-LOSJGSFVSA-N,0.9132,5.82
OMZJMALNALEQAD-UHFFFAOYSA-N,0.8555,5.426
CHEMBL3770802,0.133,4.651
CHEMBL3605000,0.554,5.486
CHEMBL591147,0.36,6.027
CHEMBL1085581,0.7286,7.266
CHEMBL220807,0.3992,5.737
CHEMBL3828718,0.1392,4.781
CHEMBL3936943,0.2016,5.126
CHEMBL2017416,0.5769,5.795
CHEMBL604102,0.5822,5.135
CHEMBL4097359,0.6756,5.222
CHEMBL2036760,0.7993,5.648
CHEMBL1224068,0.907,5.76
CHEMBL3604688,0.5806,6.011
CHEMBL2017058,0.1507,5.026
CHEMBL1095847,0.4507,5.019
CHEMBL1823045,0.4507,5.019
CHEMBL4546514,0.0937,4.844
CHEMBL3753230,0.3834,4.756
CHEMBL2409404,0.1584,4.91
OQRZOIAWKDPWFN-UHFFFAOYSA-N,0.0616,4.602
CHEMBL2043328,0.3157,5.117
CHEMBL1809078,0.8525,5.386
ORNMKSMJKYEPLI-UHFFFAOYSA-N,0.2174,4.98
CHEMBL2042162,0.226,5.459
CHEMBL2204245,0.1866,4.488
CHEMBL4463621,0.9837,6.532
CHEMBL4444606,0.1659,4.809
CHEMBL1926762,0.7685,5.554
OSYDLANVDZCPRE-UHFFFAOYSA-N,0.8163,5.294
CHEMBL221237,0.9575,6.06
CHEMBL4173715,0.1588,5.233
CHEMBL4102137,0.1724,4.837
CHEMBL4794578,0.0961,4.621
CHEMBL2036757,0.85,5.605
CHEMBL3092836,0.1583,4.71
CHEMBL3358509,0.6902,5.282
CHEMBL2180835,0.3824,5.252
CHEMBL3605026,0.5172,5.499
CHEMBL4848388,0.0494,4.943
CHEMBL3596516,0.1103,4.619
CHEMBL2338407,0.6468,5.254
CHEMBL4648576,0.5554,6.04
CHEMBL3124989,0.3248,5.425
CHEMBL1829625,0.5477,4.693
CHEMBL247689,0.8729,6.048
CHEMBL3941301,0.2032,4.743
CHEMBL4103004,0.4901,4.973
CHEMBL447558,0.6569,5.138
CHEMBL1083448,0.8455,5.815
CHEMBL1290275,0.7978,5.777
CHEMBL2181486,0.277,4.954
CHEMBL551886,0.7374,5.521
CHEMBL4640206,0.0365,5.367
CHEMBL5072532,0.0144,4.561
CHEMBL1952113,0.6167,5.521
CHEMBL3609819,0.787,5.91
OZKOQOLBOJMIRC-UHFFFAOYSA-N,0.6905,4.867
CHEMBL3422954,0.7126,5.929
CHEMBL4593473,0.2247,5.058
CHEMBL1093113,0.8605,5.77
PAMRCPLHRDFSTB-CYBMUJFWSA-N,0.8642,5.473
CHEMBL1949693,0.8632,5.528
CHEMBL5077758,0.1306,5.376
CHEMBL5073339,0.1306,5.376
CHEMBL4066553,0.1306,5.376
CHEMBL549851,0.8718,5.715
CHEMBL3422981,0.687,6.229
PBBXLWLZRSSICR-MRXNPFEDSA-N,0.8263,5.05
CHEMBL3582309,0.9629,6.73
PBTFDTKJUCHOCI-BZQUYTCOSA-N,0.9625,6.959
CHEMBL3774851,0.9815,5.662
CHEMBL1289820,0.8843,5.651
CHEMBL4577393,0.3513,4.977
CHEMBL3393856,0.5771,5.601
CHEMBL4640297,0.7213,5.683
CHEMBL4079961,0.1234,5.281
CHEMBL1221916,0.3544,4.791
CHEMBL5088449,0.6902,5.704
CHEMBL592550,0.8692,5.894
CHEMBL3084938,0.1374,4.474
CHEMBL3608920,0.1981,5.64
CHEMBL4166593,0.2669,4.85
CHEMBL1269885,0.3206,4.911
CHEMBL2113086,0.7,5.61
CHEMBL381526,0.5051,5.092
CHEMBL2152899,0.7865,5.675
CHEMBL4100885,0.2411,4.714
CHEMBL1650130,0.2005,5.035
CHEMBL1818834,0.4931,5.804
CHEMBL214335,0.6435,5.232
CHEMBL2179702,0.1535,4.728
PGLDFPQDEVYLIU-UHFFFAOYSA-N,0.6206,5.25
CHEMBL3401350,0.4584,4.786
CHEMBL587022,0.5085,6.012
CHEMBL1082458,0.0999,4.576
CHEMBL552366,0.9503,5.842
CHEMBL4444857,0.6806,5.273
PIHXTFCYEHJVKI-OFNKIYASSA-N,0.7123,5.847
CHEMBL2164884,0.1687,4.561
CHEMBL2443278,0.3848,5.238
CHEMBL4088690,0.1212,4.72
CHEMBL4068841,0.2806,5.174
CHEMBL1684703,0.055,5.263
CHEMBL3770909,0.6023,5.181
PKBPQGNBNQFAKJ-UHFFFAOYSA-N,0.1016,4.836
CHEMBL1221852,0.2191,4.661
CHEMBL2029423,0.3897,4.765
CHEMBL2070950,0.131,4.938
CHEMBL4574647,0.7162,6.038
CHEMBL1836166,0.6915,5.555
CHEMBL2181207,0.8443,5.769
CHEMBL4456198,0.074,4.915
CHEMBL561793,0.1231,4.773
CHEMBL4800498,0.653,5.238
CHEMBL3682663,0.1618,4.964
CHEMBL2159347,0.3024,5.47
CHEMBL2029424,0.3191,4.706
CHEMBL4442335,0.2342,5.162
CHEMBL3417047,0.329,6.367
PNDWRQVFLAHHDE-UHFFFAOYSA-N,0.2577,5.201
CHEMBL1684687,0.0445,5.251
CHEMBL2017105,0.6105,5.303
CHEMBL4461148,0.4589,4.953
CHEMBL2059310,0.5876,5.109
CHEMBL4846412,0.1186,5.142
CHEMBL472212,0.2504,5.392
CHEMBL1836251,0.8694,5.672
CHEMBL3948167,0.9148,6.107
CHEMBL572163,0.4531,5.441
CHEMBL3605135,0.6307,5.863
CHEMBL4743256,0.95,7.627
CHEMBL4870686,0.0311,4.922
CHEMBL1237255,0.3625,6.315
CHEMBL4778828,0.0931,4.764
CHEMBL4170320,0.2107,4.934
PQAOCWPDIGYQJX-UHFFFAOYSA-N,0.9433,5.595
CHEMBL3898121,0.2846,5.076
CHEMBL125,0.4886,6.044
CHEMBL4646340,0.0979,5.434
CHEMBL1269955,0.9171,6.295
CHEMBL4780257,0.2912,4.928
CHEMBL2312646,0.6924,5.685
CHEMBL1085805,0.9251,8.04
CHEMBL1761518,0.9734,6.799
CHEMBL4210646,0.7616,6.213
CHEMBL1684702,0.1243,5.632
CHEMBL562788,0.842,5.773
PRVFCVMDILYQNK-CCLHPLFOSA-N,0.2386,4.813
PRVFCVMDILYQNK-SVQMELKDSA-N,0.2386,4.813
CHEMBL2312643,0.1923,5.069
CHEMBL478436,0.7606,5.403
CHEMBL4636169,0.1485,4.879
CHEMBL492909,0.601,5.537
PSBJWNCYYQWCMX-CRYYWNKWSA-N,0.9678,6.588
CHEMBL2017414,0.776,5.621
CHEMBL550068,0.9104,5.781
CHEMBL213754,0.9149,5.376
CHEMBL2017415,0.7333,5.806
PSJGFAIPMGIRNZ-UHFFFAOYSA-N,0.9694,6.179
CHEMBL1169793,0.564,4.953
CHEMBL485547,0.2742,4.727
CHEMBL2326479,0.5099,5.304
CHEMBL520942,0.5976,5.559
CHEMBL2424884,0.7717,5.037
CHEMBL3422974,0.4485,5.49
CHEMBL3924161,0.5267,5.274
CHEMBL4301600,0.3388,4.856
CHEMBL3647536,0.3323,5.454
CHEMBL4531693,0.5088,5.676
CHEMBL4586512,0.2115,5.2
CHEMBL2204250,0.3569,4.667
CHEMBL514042,0.758,5.445
CHEMBL3786255,0.2056,4.874
CHEMBL1224151,0.7982,5.345
CHEMBL2325994,0.1984,4.806
CHEMBL4525199,0.7113,5.569
CHEMBL1290207,0.0546,4.883
CHEMBL4471923,0.2474,5.183
CHEMBL4162255,0.1521,4.764
CHEMBL1836162,0.5272,5.487
PVNUWNOOLRHNGF-VXKWHMMOSA-N,0.1192,4.607
CHEMBL1779547,0.7891,5.73
CHEMBL4453795,0.1564,5.018
CHEMBL1829619,0.683,5.234
CHEMBL244084,0.9936,6.331
PXOCKPKNDDCJFJ-UHFFFAOYSA-N,0.7103,5.108
CHEMBL245844,0.5535,5.031
CHEMBL4087838,0.3691,4.827
CHEMBL1822525,0.5212,5.556
CHEMBL2207502,0.2906,4.715
CHEMBL2382364,0.249,4.967
CHEMBL1290206,0.0614,4.674
PYNSDPGVBPSKMC-BDAKNGLRSA-N,0.0338,4.602
CHEMBL1684713,0.1517,5.439
CHEMBL4475942,0.0782,4.674
PZEDHLUAWPUDKP-HZPDHXFCSA-N,0.2461,5.016
CHEMBL3822947,0.2809,4.761
CHEMBL3823030,0.2809,4.761
CHEMBL148565,0.9748,6.405
CHEMBL1779016,0.3736,5.055
CHEMBL180672,0.8171,5.578
CHEMBL529773,0.3147,5.159
CHEMBL2312550,0.9456,5.891
CHEMBL3127687,0.2048,4.731
QAEAQPVUUPLITF-UHFFFAOYSA-N,0.0324,4.722
CHEMBL2315931,0.627,4.885
CHEMBL478013,0.9043,5.562
CHEMBL4080380,0.398,5.24
CHEMBL4870555,0.0333,5.296
CHEMBL2069511,0.8954,6.277
CHEMBL4087439,0.4701,4.906
CHEMBL4453964,0.5402,5.154
CHEMBL1761524,0.98,6.342
CHEMBL2017563,0.6933,5.469
CHEMBL3216758,0.9276,5.505
CHEMBL2021977,0.0453,4.908
CHEMBL4536989,0.3605,4.981
CHEMBL561397,0.2923,4.849
QEASTAKOLFTOHE-UHFFFAOYSA-N,0.0951,4.933
CHEMBL4229061,0.1989,5.351
CHEMBL564919,0.9507,5.711
CHEMBL17350,0.3311,5.38
CHEMBL4437013,0.6964,5.788
QEZRHTYDAFPTCM-UHFFFAOYSA-N,0.1279,4.886
CHEMBL1271070,0.7713,5.65
QFMKXHLMZGDSKW-PUAOIOHZSA-N,0.9775,7.275
CHEMBL4647043,0.0982,5.898
CHEMBL327946,0.9351,6.184
CHEMBL3289799,0.3116,5.314
QGIBZILKWPJHFQ-HZPDHXFCSA-N,0.2579,5.076
CHEMBL3417525,0.2661,4.987
CHEMBL4459117,0.925,5.974
CHEMBL3590462,0.8467,6.129
CHEMBL4471352,0.1202,5.022
CHEMBL1171472,0.2927,4.917
CHEMBL4068517,0.8053,5.786
CHEMBL563884,0.4249,5.081
CHEMBL1668249,0.3611,5.731
CHEMBL3986017,0.6119,5.955
CHEMBL2058838,0.4963,5.392
QJEVUBLASGKUQZ-UHFFFAOYSA-N,0.8499,5.882
CHEMBL490027,0.7913,5.55
CHEMBL2181496,0.1464,4.997
CHEMBL4105076,0.156,4.605
QJXVIDYJOOMNAB-BLVKFPJESA-N,0.1629,4.718
QJXVIDYJOOMNAB-CWTRNNRKSA-N,0.1629,4.718
CHEMBL2012836,0.7028,5.547
CHEMBL4533341,0.0454,4.81
CHEMBL227169,0.9707,6.761
CHEMBL4872545,0.1289,4.903
CHEMBL379010,0.6705,5.525
CHEMBL3218489,0.0946,4.949
CHEMBL3740291,0.5141,5.392
CHEMBL1916545,0.1093,4.784
CHEMBL516939,0.6487,5.395
CHEMBL2321993,0.1562,4.872
QLUVNBXAVDKOTB-UHFFFAOYSA-N,0.1106,4.685
CHEMBL220360,0.6504,5.68
CHEMBL4516248,0.208,4.732
CHEMBL565437,0.5616,5.897
CHEMBL7463,0.7502,5.771
CHEMBL2203765,0.8582,5.548
CHEMBL2159339,0.2114,5.023
CHEMBL404229,0.2948,5.205
CHEMBL269352,0.4807,5.179
CHEMBL4867565,0.5971,5.369
CHEMBL474410,0.078,5.059
CHEMBL1909988,0.6692,5.083
CHEMBL3601296,0.6565,5.133
QOVVFLBIZLUCSD-UHFFFAOYSA-N,0.0743,4.693
CHEMBL3263255,0.0399,4.414
CHEMBL4853196,0.8593,5.649
QOXCLDKXSCBOOF-ZDUSSCGKSA-N,0.8593,5.649
CHEMBL4073749,0.2358,5.077
CHEMBL5080306,0.2864,5.019
CHEMBL1834635,0.6585,5.271
CHEMBL595318,0.815,5.767
CHEMBL3127708,0.1494,4.775
CHEMBL3752587,0.69,5.443
CHEMBL3786311,0.3179,4.904
CHEMBL4744842,0.8278,5.827
CHEMBL4163193,0.2447,5.338
CHEMBL535514,0.3118,4.806
QQORDPLGMROVSU-OLZOCXBDSA-N,0.2248,4.826
CHEMBL4454128,0.4224,5.085
CHEMBL1304319,0.65,5.706
CHEMBL4213428,0.9062,5.852
CHEMBL1289834,0.8455,5.277
CHEMBL4787608,0.4185,5.251
CHEMBL3422757,0.7246,6.036
CHEMBL1095789,0.7441,6.063
CHEMBL382587,0.4713,5.086
CHEMBL3774463,0.9857,6.344
CHEMBL5314518,0.586,5.666
CHEMBL592778,0.0854,4.515
CHEMBL4867008,0.7866,5.389
CHEMBL4211426,0.5473,5.073
CHEMBL599702,0.4122,5.308
CHEMBL174304,0.8265,5.824
CHEMBL3263284,0.1131,4.485
CHEMBL395213,0.1789,4.9
CHEMBL3906229,0.3782,4.877
CHEMBL2017108,0.4349,4.883
CHEMBL1836164,0.5391,5.339
CHEMBL4448670,0.959,5.509
QVUDEDBAGYAVHI-WNKCNSGYSA-N,0.9724,7.628
CHEMBL4455656,0.5449,5.981
QWMOTZOOGPUEIS-PMACEKPBSA-N,0.1943,4.64
QWQROZAMNURWBT-UHFFFAOYSA-N,0.9377,5.68
CHEMBL3585954,0.3149,5.034
QXCZSLXPACAQFH-UHFFFAOYSA-N,0.1933,5.362
CHEMBL367246,0.8332,5.547
CHEMBL4170169,0.2339,5.008
CHEMBL4544320,0.1421,4.756
CHEMBL220757,0.6737,5.873
CHEMBL2326482,0.1975,4.928
CHEMBL4850055,0.0279,5.096
CHEMBL4864604,0.0279,5.096
CHEMBL4875667,0.0279,5.096
CHEMBL1878518,0.2067,4.873
CHEMBL3585953,0.2748,4.935
CHEMBL4086237,0.1063,4.606
CHEMBL2207438,0.1341,5.467
CHEMBL1449916,0.6081,5.328
CHEMBL3605013,0.2855,4.734
CHEMBL601806,0.3732,5.311
CHEMBL2069509,0.9889,6.53
CHEMBL1086273,0.6394,5.165
CHEMBL387309,0.8266,5.981
CHEMBL4639209,0.2415,5.888
CHEMBL1809074,0.4917,5.088
CHEMBL1809075,0.4917,5.088
CHEMBL4761949,0.686,6.06
CHEMBL524082,0.6854,5.485
CHEMBL523080,0.6854,5.485
CHEMBL2331986,0.3238,5.015
CHEMBL4175502,0.1973,4.721
RCAWYRTWTRRNST-OAHLLOKOSA-N,0.7622,5.162
CHEMBL172806,0.7623,5.596
CHEMBL218074,0.7098,6.113
CHEMBL3913939,0.4583,5.054
CHEMBL1269994,0.7584,5.8
CHEMBL1836147,0.8185,5.577
CHEMBL3422958,0.3941,5.51
RDIWNJDCZLGDOS-VOIUYBSRSA-N,0.9528,7.243
CHEMBL4069225,0.3134,5.426
CHEMBL1290166,0.7403,5.477
CHEMBL3407778,0.0403,4.815
CHEMBL559780,0.6928,5.208
CHEMBL4079636,0.2809,5.462
CHEMBL5085027,0.1698,5.041
CHEMBL1289960,0.5334,5.685
CHEMBL3330650,0.8379,5.754
CHEMBL3353405,0.8727,5.186
CHEMBL2403327,0.6555,5.476
CHEMBL3605024,0.647,5.892
CHEMBL2347989,0.2025,5.237
CHEMBL2325208,0.8178,6.614
CHEMBL1484231,0.3546,5.555
CHEMBL4067663,0.7689,5.411
CHEMBL3127686,0.1124,4.732
CHEMBL4638609,0.2159,5.659
CHEMBL245119,0.9725,5.63
CHEMBL4851978,0.7418,5.397
CHEMBL1289294,0.1565,5.13
RHPAYIFAXKMITD-UHFFFAOYSA-N,0.9875,6.793
CHEMBL3947980,0.9774,5.909
CHEMBL1684696,0.0938,5.646
CHEMBL2312539,0.8101,5.455
CHEMBL549825,0.8824,5.54
CHEMBL1808622,0.1305,4.674
RIPPUAWCZTUYLU-UHFFFAOYSA-N,0.9739,6.228
CHEMBL3925679,0.311,4.914
CHEMBL2409181,0.0862,4.869
CHEMBL4241707,0.2369,4.82
CHEMBL3764774,0.2657,5.018
CHEMBL1800285,0.3357,5.066
RJVPOCVCIFLEDC-NFXMZALSSA-N,0.9407,7.295
RJVPOCVCIFLEDC-VYGPGJSPSA-N,0.9407,7.295
CHEMBL172090,0.7738,5.565
CHEMBL366871,0.7738,5.565
CHEMBL5089410,0.6076,5.604
CHEMBL3608913,0.2181,5.244
CHEMBL4476828,0.6225,5.387
CHEMBL1095846,0.277,4.832
CHEMBL1823044,0.277,4.832
CHEMBL4869175,0.0392,4.937
CHEMBL3775214,0.9966,5.989
CHEMBL3919158,0.8913,5.404
CHEMBL3754692,0.3708,4.998
CHEMBL3950180,0.1422,4.867
CHEMBL4074870,0.2489,4.888
CHEMBL400129,0.4038,5.087
CHEMBL4792322,0.5399,4.905
CHEMBL3120274,0.9111,5.79
CHEMBL1255595,0.9411,8.184
CHEMBL395332,0.4293,5.281
CHEMBL2207280,0.802,5.612
RNBFGQKOKMISQP-UHFFFAOYSA-N,0.9704,5.693
CHEMBL4741828,0.2524,4.894
CHEMBL1809049,0.4844,5.171
CHEMBL238872,0.4006,4.933
CHEMBL2207439,0.0991,5.337
CHEMBL3263280,0.0647,4.989
RNQQUJQALILVDJ-UHFFFAOYSA-N,0.5394,5.156
CHEMBL4591770,0.1842,5.106
CHEMBL4854370,0.397,5.471
CHEMBL2057225,0.3286,5.054
CHEMBL3330060,0.0757,4.397
CHEMBL1836248,0.7922,5.601
CHEMBL3421646,0.6249,5.658
CHEMBL3326793,0.3245,5.167
RPXJYAOAWLJFFO-JMLCCBQJSA-N,0.5862,5.21
CHEMBL3586433,0.1235,4.761
CHEMBL4129030,0.268,5.059
CHEMBL5091768,0.5979,5.39
CHEMBL4849848,0.7157,5.583
CHEMBL501701,0.1619,4.567
CHEMBL4853282,0.7082,5.249
CHEMBL559118,0.9199,5.45
CHEMBL404852,0.7414,5.462
CHEMBL2326476,0.2099,5.372
CHEMBL3935303,0.7169,5.269
CHEMBL592332,0.8256,5.803
RRZCKLUZBMUMPU-GCJKJVERSA-N,0.0619,5.094
CHEMBL566257,0.9228,6.027
CHEMBL1520671,0.8437,5.199
CHEMBL3929432,0.1124,4.853
CHEMBL4467749,0.991,6.895
CHEMBL4450665,0.991,6.895
CHEMBL4541206,0.991,6.895
CHEMBL1417328,0.2238,4.951
CHEMBL41,0.8508,5.422
CHEMBL233781,0.1672,4.764
RTURIZKUGANKMN-UHFFFAOYSA-N,0.9311,5.533
CHEMBL252203,0.1249,4.788
CHEMBL482056,0.8676,5.772
CHEMBL467510,0.1933,5.285
RVNWULIOIKDRNY-UHFFFAOYSA-N,0.9843,6.287
CHEMBL589922,0.5124,5.167
CHEMBL3966141,0.7102,5.904
CHEMBL3927250,0.2699,5.703
CHEMBL1836250,0.769,5.549
CHEMBL914,0.3962,5.582
CHEMBL202788,0.2041,4.99
CHEMBL472304,0.4612,5.647
CHEMBL1447734,0.7305,5.483
CHEMBL471994,0.6722,5.926
CHEMBL472168,0.6722,5.926
CHEMBL4777282,0.4781,5.448
CHEMBL4860900,0.4082,5.074
CHEMBL3084761,0.6436,5.524
CHEMBL3617334,0.8362,5.726
CHEMBL3604694,0.7712,6.116
CHEMBL584549,0.1752,4.792
CHEMBL4293735,0.7812,5.439
CHEMBL556478,0.9551,5.697
CHEMBL4632835,0.255,5.19
CHEMBL4087679,0.4205,5.209
CHEMBL2424880,0.4416,4.746
CHEMBL3956542,0.45,5.4
RYIWMFCNGOZYFZ-UHFFFAOYSA-N,0.9686,6.227
CHEMBL1097701,0.7622,5.673
CHEMBL1809070,0.4418,5.12
CHEMBL1809071,0.4418,5.12
CHEMBL113,0.0687,4.838
CHEMBL4239085,0.2869,5.029
CHEMBL4249172,0.2869,5.029
CHEMBL3218118,0.3656,5.079
CHEMBL4540218,0.8749,5.677
CHEMBL4868951,0.2754,5.181
CHEMBL583780,0.1769,5.117
CHEMBL489095,0.6387,5.243
CHEMBL4453218,0.4503,5.243
CHEMBL240923,0.4373,5.258
CHEMBL395034,0.4373,5.258
CHEMBL2017107,0.5447,4.974
CHEMBL2380648,0.452,4.989
CHEMBL246051,0.4775,4.909
CHEMBL4762256,0.7165,5.384
CHEMBL3359238,0.9508,6.046
CHEMBL529603,0.4547,5.525
CHEMBL3596517,0.1435,4.709
CHEMBL4290212,0.1348,4.716
CHEMBL1084971,0.3982,5.008
CHEMBL3906074,0.1445,4.722
CHEMBL1784385,0.8603,5.748
CHEMBL246634,0.4422,5.184
CHEMBL521566,0.9659,7.069
SCENKFBJGKNNHX-UHFFFAOYSA-N,0.0579,4.582
CHEMBL2325697,0.2237,5.125
CHEMBL3306918,0.4105,5.083
CHEMBL4582849,0.7267,5.481
CHEMBL212689,0.7801,5.487
CHEMBL4095544,0.2088,4.938
CHEMBL567916,0.5294,5.157
CHEMBL4176810,0.2035,4.802
CHEMBL3898579,0.1462,4.706
CHEMBL3746885,0.5094,5.031
CHEMBL3747546,0.5094,5.031
CHEMBL3605006,0.4934,5.447
CHEMBL1762481,0.5038,5.141
SDVPZFAXJNURBD-UHFFFAOYSA-N,0.0627,4.786
CHEMBL251142,0.903,5.257
CHEMBL1910317,0.9475,6.281
SDXIHKSUCKYXFP-BFLUCZKCSA-N,0.1872,4.682
SDXIHKSUCKYXFP-DGWZTRNLSA-N,0.1872,4.682
CHEMBL2017102,0.573,5.237
CHEMBL4862195,0.5743,4.983
CHEMBL1289999,0.2371,5.236
CHEMBL366868,0.929,5.735
CHEMBL2382415,0.5149,4.798
SFVRYZSALZWGIG-MJGOQNOKSA-N,0.2982,4.696
CHEMBL551281,0.334,5.528
CHEMBL1094208,0.4218,5.542
CHEMBL390649,0.9942,6.437
SGNVECCZFALOMS-UHFFFAOYSA-N,0.676,5.302
CHEMBL204408,0.4832,5.19
CHEMBL3769478,0.3041,5.073
CHEMBL4861425,0.7322,5.464
CHEMBL5090267,0.5853,5.307
CHEMBL492552,0.6945,5.854
CHEMBL2146598,0.2766,5.372
CHEMBL4066955,0.711,5.442
SIADCNVXYZQNTO-UHFFFAOYSA-N,0.1449,4.948
CHEMBL4476655,0.2912,4.93
CHEMBL1957791,0.7255,5.228
CHEMBL3597634,0.4526,5.367
CHEMBL2333630,0.7937,5.097
CHEMBL486644,0.8126,5.92
CHEMBL4533539,0.2295,4.821
SJBYDAUUDYGQIX-AOYPEHQESA-N,0.3517,4.994
CHEMBL2147212,0.7558,5.224
CHEMBL4460797,0.5881,5.48
CHEMBL4464943,0.5881,5.48
CHEMBL2179806,0.7462,5.728
CHEMBL467660,0.1226,5.815
SJVDCFJVJFVWBU-UHFFFAOYSA-N,0.304,4.945
CHEMBL237547,0.073,4.159
CHEMBL4104889,0.4275,5.147
CHEMBL3798124,0.3086,4.735
CHEMBL602875,0.4272,5.056
CHEMBL4448921,0.5745,5.24
CHEMBL4644856,0.3854,5.382
SLVRELOFWFQAMI-UHFFFAOYSA-N,0.1016,4.704
CHEMBL4472802,0.0925,4.673
CHEMBL5085521,0.7988,5.533
CHEMBL2316211,0.0664,4.241
CHEMBL487063,0.8775,5.225
CHEMBL208028,0.9284,5.952
CHEMBL4161555,0.9477,5.97
CHEMBL3318998,0.4861,4.758
CHEMBL546531,0.6931,5.632
CHEMBL3929544,0.5146,5.505
CHEMBL4863873,0.9564,6.266
CHEMBL4644898,0.2145,5.287
SNYFWQWLZIRNKD-UHFFFAOYSA-N,0.8551,5.868
CHEMBL2058831,0.3518,5.427
SOTBKNXFRAXTAE-UHFFFAOYSA-N,0.9382,5.569
CHEMBL3318985,0.3372,5.11
CHEMBL4209354,0.1699,4.742
CHEMBL4787816,0.3844,5.021
CHEMBL2029569,0.3291,5.032
CHEMBL1169795,0.2835,4.916
CHEMBL3774852,0.4938,5.975
CHEMBL209821,0.8635,5.799
CHEMBL1651717,0.4552,5.447
CHEMBL4161395,0.8949,6.383
CHEMBL3597971,0.1586,4.713
CHEMBL1084033,0.8935,5.599
CHEMBL551208,0.2023,4.466
CHEMBL4570162,0.9184,5.962
CHEMBL1928705,0.8822,5.507
CHEMBL3605128,0.5842,5.36
CHEMBL225278,0.5357,4.918
CHEMBL4778806,0.4566,5.466
CHEMBL1091069,0.9292,5.562
CHEMBL221684,0.3621,5.743
SRYMLVUNMNZEHF-UHFFFAOYSA-N,0.0272,4.93
CHEMBL4540906,0.15,4.787
CHEMBL3422012,0.2526,4.958
CHEMBL247647,0.1099,5.068
CHEMBL1924014,0.3197,5.021
CHEMBL403782,0.1094,4.891
CHEMBL5082142,0.3267,5.027
CHEMBL2436226,0.3614,5.179
CHEMBL2424875,0.0875,4.794
CHEMBL519389,0.7307,5.463
CHEMBL4213555,0.0901,5.513
CHEMBL4290141,0.4107,5.621
CHEMBL3703284,0.0389,5.081
STZQQINBQFSEJJ-SFTDATJTSA-N,0.7788,5.578
CHEMBL221905,0.3289,5.704
CHEMBL1818837,0.5928,5.845
CHEMBL3740099,0.1206,4.961
CHEMBL2207656,0.8452,5.663
CHEMBL401752,0.9883,5.734
CHEMBL4636316,0.3437,5.386
CHEMBL552338,0.2538,5.369
CHEMBL2208405,0.1645,4.769
CHEMBL1098872,0.0871,5.372
CHEMBL1910547,0.9118,5.706
CHEMBL2036415,0.8358,5.842
CHEMBL4473761,0.8485,5.715
CHEMBL4076061,0.4974,5.078
CHEMBL438876,0.8517,5.228
CHEMBL2017413,0.884,5.991
CHEMBL1095476,0.6907,5.953
CHEMBL583867,0.0448,4.928
CHEMBL3967709,0.6189,4.973
CHEMBL1632223,0.9242,6.715
CHEMBL3590463,0.8675,6.694
CHEMBL4096097,0.2467,5.462
CHEMBL4785725,0.3498,4.994
CHEMBL4526283,0.1133,4.816
CHEMBL1084879,0.877,5.585
CHEMBL3609759,0.7787,5.117
CHEMBL3605133,0.5908,5.292
CHEMBL589422,0.6297,5.715
CHEMBL4074833,0.1682,4.803
CHEMBL2424931,0.1511,4.993
TULPBDKVNCSKDJ-UHFFFAOYSA-N,0.7779,5.187
CHEMBL4081003,0.4379,5.081
TVKDOMFQEAUPSL-UHFFFAOYSA-N,0.9785,6.319
CHEMBL4164935,0.11,5.136
CHEMBL2059321,0.7906,5.357
CHEMBL549635,0.8441,5.459
TVRYCHWICBUDRD-UHFFFAOYSA-N,0.5145,5.636
CHEMBL1818833,0.3644,5.701
CHEMBL4080714,0.3531,4.669
CHEMBL221746,0.5988,6.021
TXJIMPPHALVHGH-UHFFFAOYSA-N,0.3508,4.891
CHEMBL2387312,0.8461,6.035
CHEMBL1951608,0.8716,5.476
TYEQLJVPHLCAPI-UHFFFAOYSA-N,0.0591,4.772
CHEMBL207220,0.8508,5.685
TYLUAGXHVPXCPL-UHFFFAOYSA-N,0.9374,5.747
CHEMBL2325703,0.1247,4.658
CHEMBL1289887,0.246,5.007
TYXUAVZCTAVLOO-UHFFFAOYSA-N,0.2476,5.174
CHEMBL4089937,0.2218,5.081
CHEMBL251371,0.0726,5.116
CHEMBL4436170,0.9858,6.456
CHEMBL400261,0.3149,4.989
CHEMBL256472,0.9757,5.665
CHEMBL3661485,0.4942,5.312
UADVTYAYALMWKI-UHFFFAOYSA-N,0.8774,5.5
CHEMBL1615187,0.2498,4.852
CHEMBL1951453,0.6097,5.568
CHEMBL3604691,0.7171,6.016
CHEMBL3604798,0.5172,6.095
CHEMBL592125,0.3967,5.296
CHEMBL1945850,0.6323,5.441
CHEMBL4209994,0.2986,5.209
CHEMBL4753469,0.5566,5.163
CHEMBL1935574,0.541,5.422
CHEMBL4578468,0.4495,5.125
CHEMBL4087734,0.3377,4.932
CHEMBL3417044,0.4149,5.386
CHEMBL1086098,0.919,5.553
CHEMBL4870435,0.1304,5.116
CHEMBL4853212,0.1304,5.116
UBQBRTYBMMMFHB-UHFFFAOYSA-N,0.0819,4.772
CHEMBL4588822,0.5918,5.616
UBTJMMKDCGBMEX-CQSZACIVSA-N,0.8666,5.686
CHEMBL1951896,0.2968,4.989
CHEMBL1809064,0.7539,5.253
CHEMBL3605140,0.7589,5.971
CHEMBL2164565,0.2564,4.79
CHEMBL3605116,0.3368,5.098
CHEMBL3577959,0.1255,5.004
CHEMBL4557050,0.646,5.759
CHEMBL2177909,0.7431,5.409
CHEMBL2177908,0.7431,5.409
CHEMBL3359234,0.9419,6.167
CHEMBL1800831,0.2076,4.561
CHEMBL599886,0.1487,6.154
CHEMBL3753081,0.4097,5.315
CHEMBL4447741,0.2884,5.124
CHEMBL1622128,0.1677,4.816
CHEMBL4077161,0.9343,5.964
CHEMBL3808866,0.2516,5.321
CHEMBL3604801,0.6003,5.411
CHEMBL4074093,0.4022,5.163
CHEMBL3770363,0.3322,5.393
CHEMBL3775197,0.997,5.9
CHEMBL2435853,0.2707,4.813
CHEMBL1778052,0.1309,4.895
CHEMBL4457557,0.2083,4.968
CHEMBL255806,0.9772,5.725
CHEMBL1813472,0.7966,4.989
CHEMBL1813471,0.7966,4.989
UIFRCTVMHZZAIO-UHFFFAOYSA-N,0.0855,5.077
CHEMBL1094562,0.2529,4.818
CHEMBL1224066,0.9198,5.765
CHEMBL2325207,0.8332,6.341
CHEMBL590212,0.3929,5.707
CHEMBL1910320,0.9819,6.447
CHEMBL96153,0.956,6.98
CHEMBL94664,0.956,6.98
CHEMBL4636709,0.525,5.561
UJDFAXMVYUOWDP-UHFFFAOYSA-N,0.8751,5.345
CHEMBL1083118,0.15,4.778
CHEMBL1089501,0.2068,4.751
CHEMBL1946017,0.9206,5.389
CHEMBL2204251,0.1925,4.459
UJURXKLCXJFZLB-UHFFFAOYSA-N,0.1113,4.985
CHEMBL3422960,0.4953,5.937
CHEMBL402826,0.9901,5.817
CHEMBL3297762,0.5715,5.839
CHEMBL1668239,0.7141,5.617
CHEMBL4443394,0.6584,5.51
CHEMBL2021972,0.0375,4.812
CHEMBL1923108,0.3621,4.679
CHEMBL393472,0.2383,5.004
CHEMBL2021322,0.5236,5.673
CHEMBL3604800,0.7834,5.877
UMHXCYAPYLEZHQ-UHFFFAOYSA-N,0.2754,5.141
CHEMBL1957790,0.6695,5.183
CHEMBL4649410,0.2999,5.089
CHEMBL5409389,0.331,5.061
CHEMBL3908229,0.4422,4.996
CHEMBL3115107,0.0191,4.433
CHEMBL5080010,0.1987,4.807
CHEMBL4776734,0.3623,5.323
CHEMBL2336057,0.2281,4.926
CHEMBL4763513,0.2835,5.459
CHEMBL1521373,0.2969,4.739
CHEMBL4129258,0.3314,5.228
CHEMBL482057,0.4522,5.364
CHEMBL4127879,0.2862,5.253
CHEMBL4517147,0.4881,5.027
CHEMBL243900,0.9677,6.223
UOOCVQDYSOPSIJ-UHFFFAOYSA-N,0.4737,5.007
CHEMBL4634285,0.2546,5.092
CHEMBL205912,0.9058,5.8
CHEMBL461236,0.9216,6.169
CHEMBL3605139,0.669,5.497
CHEMBL3238274,0.3215,5.08
CHEMBL1081237,0.9893,5.977
CHEMBL3822976,0.3905,4.765
CHEMBL560516,0.3139,5.551
CHEMBL4069220,0.1897,5.457
CHEMBL402015,0.9057,5.743
CHEMBL1096827,0.3201,5.048
CHEMBL4071250,0.6957,5.17
CHEMBL4061747,0.2894,5.35
CHEMBL4785918,0.1989,5.104
UTBHMAUJPAIFTH-UHFFFAOYSA-N,0.1418,4.923
CHEMBL4162197,0.3781,5.229
CHEMBL272379,0.9417,5.825
CHEMBL3422968,0.5752,5.616
CHEMBL592786,0.8135,5.578
CHEMBL2325704,0.1411,4.925
CHEMBL4761964,0.1841,5.525
CHEMBL570033,0.4023,5.31
UUVNBMVWHDQRNZ-UHFFFAOYSA-N,0.1106,4.958
CHEMBL4217712,0.4885,5.12
CHEMBL2315924,0.0683,4.342
CHEMBL1836249,0.7865,5.54
CHEMBL4202790,0.0662,5.573
CHEMBL1271274,0.1853,5.143
CHEMBL1290038,0.7645,5.932
UXMMZUYNKQSOKI-ILBGXUMGSA-N,0.2669,4.958
CHEMBL4587816,0.601,5.707
CHEMBL547193,0.5481,5.459
UYFOFEJPPDSOCE-UHFFFAOYSA-N,0.4073,4.879
CHEMBL2036762,0.6999,5.625
CHEMBL3338895,0.1329,5.108
CHEMBL1258492,0.9695,5.784
CHEMBL2164571,0.1192,4.545
CHEMBL3605134,0.6449,5.69
CHEMBL3301610,0.643,4.945
CHEMBL4105373,0.442,5.244
CHEMBL2147316,0.2257,4.839
CHEMBL2324255,0.8853,5.645
CHEMBL552367,0.9473,5.823
CHEMBL4092687,0.488,5.822
CHEMBL550472,0.8109,5.334
CHEMBL571229,0.9284,5.782
CHEMBL3965189,0.1318,4.759
CHEMBL3605005,0.4605,5.063
CHEMBL3605003,0.4605,5.063
CHEMBL2333621,0.7334,5.083
CHEMBL4746586,0.645,5.329
CHEMBL2177910,0.8405,5.761
CHEMBL4587871,0.6641,5.688
CHEMBL4459919,0.276,5.148
CHEMBL611,0.1536,4.633
CHEMBL221231,0.4639,5.48
CHEMBL4457012,0.0709,4.575
CHEMBL1083708,0.8854,5.736
CHEMBL3753718,0.2508,4.899
CHEMBL3753988,0.2508,4.899
CHEMBL4093121,0.2753,4.998
CHEMBL3634125,0.3852,5.204
CHEMBL4760328,0.4643,5.181
CHEMBL3422976,0.5516,6.017
CHEMBL4449766,0.6583,5.138
CHEMBL1290392,0.5572,5.337
CHEMBL571389,0.9456,6.725
CHEMBL582767,0.8442,6.101
CHEMBL1518265,0.559,5.537
CHEMBL1098873,0.1431,5.268
VFTROENQUWUAES-GOSISDBHSA-N,0.9249,5.783
CHEMBL4083428,0.5214,5.347
CHEMBL4786776,0.3826,5.055
CHEMBL3901517,0.5785,5.819
CHEMBL3601260,0.192,4.907
VGHHMPIAHHSXAR-DIMJTDRSSA-N,0.171,4.391
VGKMJMNCNMRSEO-UHFFFAOYSA-N,0.0212,4.71
CHEMBL3422755,0.7026,5.955
CHEMBL1172439,0.9619,5.844
CHEMBL1800770,0.4411,4.904
CHEMBL2315243,0.2224,5.009
CHEMBL4451099,0.2729,5.164
CHEMBL3421928,0.6784,5.829
CHEMBL3793857,0.8732,5.33
CHEMBL4521547,0.7274,5.384
CHEMBL375516,0.9106,6.714
CHEMBL641,0.8369,5.081
CHEMBL601906,0.043,4.88
CHEMBL250699,0.3753,5.764
VHMBWFZHXLMGJM-UHFFFAOYSA-N,0.1647,4.927
CHEMBL3913540,0.3273,5.108
CHEMBL4176397,0.2786,5.294
CHEMBL4585408,0.4532,5.054
CHEMBL2017057,0.1354,4.775
CHEMBL2164375,0.261,5.014
CHEMBL1290037,0.719,5.878
CHEMBL2024394,0.0831,4.574
CHEMBL1836165,0.6124,5.358
CHEMBL1809079,0.7009,5.272
CHEMBL377241,0.8364,5.765
CHEMBL3582341,0.7114,5.27
CHEMBL4645781,0.5944,5.58
CHEMBL4284340,0.9193,6.366
CHEMBL4644361,0.0616,5.274
CHEMBL454407,0.5517,5.578
VKZZDEPAWFRBMZ-UHFFFAOYSA-N,0.8934,5.723
CHEMBL263101,0.8603,5.333
VLLYNPWTZGQZOJ-UHFFFAOYSA-N,0.2484,6.068
CHEMBL1835146,0.6632,5.412
CHEMBL2147317,0.2523,4.86
CHEMBL4873054,0.6956,6.151
CHEMBL1093044,0.7174,5.876
CHEMBL3422760,0.7161,5.273
VNUIGFBBTMPCOQ-UHFFFAOYSA-N,0.7622,5.212
CHEMBL257524,0.9068,5.481
CHEMBL2312549,0.9507,5.965
CHEMBL3703266,0.1093,4.716
CHEMBL3211804,0.1508,5.304
CHEMBL4847775,0.6275,5.374
CHEMBL5089000,0.8843,5.481
CHEMBL1684708,0.1013,5.638
CHEMBL1271380,0.7135,5.814
CHEMBL256475,0.9111,5.889
CHEMBL1910108,0.6856,5.439
CHEMBL3943295,0.4698,5.21
CHEMBL2059311,0.728,5.345
CHEMBL4091441,0.8223,5.708
CHEMBL4644137,0.0793,5.413
VQEIMUYFGYBYLQ-LURJTMIESA-N,0.0565,4.672
VQEIMUYFGYBYLQ-ZCFIWIBFSA-N,0.0565,4.672
CHEMBL4203948,0.5008,5.282
CHEMBL3963243,0.835,5.328
CHEMBL2441441,0.7274,5.367
CHEMBL564021,0.2153,5.125
CHEMBL231196,0.1293,4.568
CHEMBL2382341,0.2974,4.971
CHEMBL4442209,0.2405,4.991
CHEMBL4451354,0.3084,4.939
CHEMBL3422287,0.791,5.9
CHEMBL4280731,0.3545,5.035
CHEMBL3651966,0.6947,5.377
CHEMBL3765509,0.24,5.511
CHEMBL488295,0.9541,6.168
CHEMBL3604687,0.7228,6.061
CHEMBL2315938,0.1204,4.793
CHEMBL3971056,0.3248,5.872
CHEMBL2070951,0.1552,4.988
CHEMBL2382287,0.2807,4.969
CHEMBL1650511,0.5043,5.87
CHEMBL3408617,0.4844,5.468
CHEMBL4638460,0.4874,5.365
CHEMBL1289408,0.1818,5.148
CHEMBL4078280,0.178,4.896
CHEMBL4080659,0.459,5.211
CHEMBL1951898,0.6139,5.227
CHEMBL1080165,0.9896,6.078
CHEMBL1080164,0.9896,6.078
CHEMBL1079497,0.9896,6.078
CHEMBL4634092,0.6885,5.416
CHEMBL272545,0.9927,5.657
CHEMBL4244649,0.4074,5.087
VUWXNWPBNDLDRW-UHFFFAOYSA-N,0.6895,5.077
CHEMBL4583368,0.3344,5.321
CHEMBL4442568,0.2213,5.022
CHEMBL1089078,0.8773,5.874
CHEMBL3765596,0.4795,5.543
CHEMBL3604690,0.7136,5.994
CHEMBL424865,0.8694,6.216
CHEMBL3422008,0.3105,4.726
CHEMBL1095199,0.5022,5.802
CHEMBL1095198,0.5022,5.802
CHEMBL1095031,0.5022,5.802
CHEMBL3787686,0.4555,5.224
CHEMBL1738986,0.8403,5.653
CHEMBL4284170,0.2526,5.316
CHEMBL3935636,0.3983,4.931
CHEMBL367700,0.9011,5.683
CHEMBL4072707,0.4094,5.354
CHEMBL3234874,0.4336,5.15
CHEMBL3289800,0.4088,5.619
CHEMBL1836146,0.8008,5.598
CHEMBL1082786,0.9026,8.375
VXMQPHUHTKNZPO-UHFFFAOYSA-N,0.8846,5.361
VXQFCJXYUXOYMY-UHFFFAOYSA-N,0.1154,4.964
CHEMBL3218481,0.3945,5.848
CHEMBL563580,0.919,5.911
CHEMBL4216862,0.324,4.75
CHEMBL3422969,0.6601,5.657
CHEMBL3128188,0.2142,4.783
CHEMBL3774515,0.9959,6.373
CHEMBL4649482,0.1967,4.917
CHEMBL3794427,0.7524,5.124
CHEMBL255778,0.9846,5.706
VYZGGBZASXXMJU-UHFFFAOYSA-N,0.1968,5.576
CHEMBL1779009,0.6361,4.945
CHEMBL1836163,0.5561,5.474
CHEMBL3741589,0.4535,5.199
CHEMBL3289802,0.5049,5.464
CHEMBL3392292,0.1976,5.316
CHEMBL3758199,0.4292,5.423
CHEMBL4785272,0.9367,7.677
CHEMBL1083426,0.8667,5.891
CHEMBL3608752,0.096,4.303
CHEMBL3608751,0.096,4.303
CHEMBL257900,0.9447,6.128
CHEMBL3754192,0.5343,5.438
CHEMBL2208433,0.7044,5.303
CHEMBL4455404,0.1129,4.98
CHEMBL3824323,0.6086,5.202
CHEMBL582478,0.6063,5.31
CHEMBL4446970,0.6491,5.376
CHEMBL1923123,0.2542,4.689
CHEMBL2424895,0.8349,5.276
CHEMBL3422756,0.7558,5.695
CHEMBL1809061,0.8842,5.264
CHEMBL450660,0.8088,5.317
CHEMBL4646566,0.3147,5.173
CHEMBL4878564,0.3218,5.98
CHEMBL1099193,0.5558,5.547
CHEMBL1951614,0.3297,4.978
CHEMBL580819,0.333,5.571
CHEMBL3746776,0.3818,4.989
CHEMBL1934130,0.6759,5.491
CHEMBL1290058,0.6733,5.843
CHEMBL4561098,0.1542,4.686
CHEMBL554914,0.7385,5.101
CHEMBL4641224,0.084,5.427
CHEMBL4279373,0.8128,6.212
CHEMBL466112,0.6477,4.981
CHEMBL4082602,0.1447,4.532
CHEMBL1088029,0.1862,4.799
CHEMBL1800774,0.4719,4.968
CHEMBL1950535,0.9631,5.857
WGUWYPRRZSZZLF-UHFFFAOYSA-N,0.9355,5.935
CHEMBL394639,0.7023,4.991
CHEMBL1094030,0.9314,6.006
CHEMBL447114,0.6494,5.077
CHEMBL4163469,0.4389,5.123
CHEMBL402016,0.9965,6.115
CHEMBL1085321,0.7596,5.366
CHEMBL3775378,0.2165,5.01
WIBVYMDDPOXFEA-CQSZACIVSA-N,0.7511,5.11
CHEMBL566543,0.1372,4.614
CHEMBL4637653,0.262,4.986
WIPVJHVRGPHILG-UHFFFAOYSA-N,0.8603,5.295
CHEMBL1494,0.8471,5.35
WJJNMRBIJWEZGE-ORYQWCPZSA-N,0.0772,4.5
WJJNMRBIJWEZGE-TYCQWZJGSA-N,0.0772,4.5
CHEMBL4229191,0.8303,5.696
CHEMBL23979,0.4182,5.072
CHEMBL382741,0.7849,5.481
CHEMBL551051,0.2608,5.086
CHEMBL4741855,0.317,5.304
CHEMBL4577776,0.6098,5.351
CHEMBL4174506,0.3738,5.303
CHEMBL590933,0.8319,6.088
CHEMBL401258,0.3021,5.998
WKLHRHOHIWMJCS-UHFFFAOYSA-N,0.0559,4.665
CHEMBL1092241,0.7317,5.223
WKSQSVJHSIYNRQ-FQEVSTJZSA-N,0.1322,4.905
WKTJEJIWQKDDEA-UHFFFAOYSA-N,0.9784,5.782
CHEMBL4858551,0.1272,4.833
CHEMBL4461475,0.278,4.955
CHEMBL4547537,0.278,4.955
CHEMBL2069512,0.9227,6.052
CHEMBL4876338,0.4305,5.111
CHEMBL4108024,0.0606,4.762
CHEMBL2204242,0.2023,4.831
CHEMBL4215244,0.5576,5.148
WMSJXLPHWFERCK-ZJUUUORDSA-N,0.0457,4.735
CHEMBL4524503,0.571,5.302
CHEMBL1800911,0.3104,5.178
CHEMBL4542155,0.3186,5.224
CHEMBL563926,0.9569,6.006
CHEMBL3822587,0.2211,4.606
CHEMBL4079869,0.1918,4.835
WNFAXPXRHCMQST-LOSJGSFVSA-N,0.6223,5.13
CHEMBL464804,0.2219,4.697
CHEMBL220755,0.4336,5.52
CHEMBL4100591,0.9516,5.975
CHEMBL3947221,0.0946,4.575
CHEMBL4787847,0.4898,4.95
CHEMBL1952144,0.7976,5.748
CHEMBL533855,0.4901,5.424
CHEMBL1926766,0.1658,4.626
CHEMBL1289062,0.3597,5.144
CHEMBL3326795,0.6457,5.403
WOSKHXYHFSIKNG-UHFFFAOYSA-N,0.2521,5.134
CHEMBL48029,0.9331,6.506
CHEMBL4081657,0.2592,4.702
CHEMBL3237564,0.6667,5.367
CHEMBL4449485,0.6753,5.441
CHEMBL4858892,0.6315,5.429
CHEMBL2017104,0.747,5.3
CHEMBL1304667,0.1675,4.772
CHEMBL522854,0.7142,5.855
CHEMBL4075203,0.7152,5.058
CHEMBL1985544,0.3378,4.976
CHEMBL5314924,0.452,4.963
CHEMBL4461649,0.5326,5.584
CHEMBL4170316,0.347,5.193
CHEMBL3891894,0.2758,5.072
CHEMBL4167096,0.2139,5.546
CHEMBL207690,0.1927,4.82
CHEMBL517140,0.3747,5.011
CHEMBL4858989,0.543,4.987
CHEMBL4633367,0.7464,5.661
CHEMBL3926412,0.7079,5.588
CHEMBL2023457,0.5821,5.455
CHEMBL391574,0.05,5.02
CHEMBL2180840,0.3991,5.299
CHEMBL272302,0.9662,5.407
WSSUUIPAFWQCNO-YKSBVNFPSA-N,0.0284,5.423
CHEMBL4069884,0.1526,5.208
CHEMBL497064,0.7739,5.098
CHEMBL1271275,0.6123,5.963
CHEMBL4864990,0.0624,4.979
CHEMBL3764101,0.4645,5.419
CHEMBL3787398,0.7305,5.831
CHEMBL550517,0.9689,5.645
CHEMBL4747997,0.5816,5.213
CHEMBL411118,0.384,5.562
CHEMBL2315930,0.5787,5.136
WUHDWUZGBYYHTQ-UHFFFAOYSA-N,0.3854,5.015
CHEMBL4854122,0.0285,5.103
CHEMBL4875842,0.0285,5.103
CHEMBL4865352,0.0285,5.103
CHEMBL4759127,0.1371,4.828
CHEMBL3356074,0.403,5.074
CHEMBL2393450,0.3652,5.703
CHEMBL426714,0.8571,5.776
CHEMBL2017417,0.7825,5.483
WVWPKPZCILEGOG-UHFFFAOYSA-N,0.6314,5.294
CHEMBL4086008,0.5097,5.876
CHEMBL1224089,0.2188,4.958
CHEMBL550851,0.1523,5.196
CHEMBL2036766,0.7778,5.781
CHEMBL1784405,0.8362,5.814
CHEMBL4855387,0.0193,4.897
CHEMBL534288,0.5866,5.656
WXPNDRBBWZMPQG-UHFFFAOYSA-N,0.4046,5.636
CHEMBL556539,0.5609,5.415
CHEMBL4175082,0.3534,5.45
WXZVOQCMUCSBIN-CYBMUJFWSA-N,0.8869,5.724
CHEMBL2308139,0.4648,5.133
CHEMBL3814424,0.8169,5.716
WYNSFINJUTXESJ-UHFFFAOYSA-N,0.0714,4.851
CHEMBL1910319,0.983,6.546
WYRSKUBUFKBAFT-UHFFFAOYSA-N,0.2429,5.266
CHEMBL548279,0.8684,5.969
CHEMBL4473150,0.187,4.895
CHEMBL2165070,0.6546,6.589
CHEMBL3218480,0.348,5.025
CHEMBL1095845,0.3622,5.015
CHEMBL1823042,0.3622,5.015
CHEMBL4164805,0.1859,4.821
CHEMBL1290504,0.4518,5.192
CHEMBL555349,0.3587,4.836
CHEMBL519193,0.224,4.588
CHEMBL2208431,0.7504,5.817
CHEMBL4228918,0.9457,6.059
CHEMBL3218488,0.0668,4.841
CHEMBL3800305,0.3276,4.823
CHEMBL2333640,0.7544,4.872
CHEMBL270567,0.9799,5.82
CHEMBL4777122,0.7403,6.145
CHEMBL4525277,0.8043,5.725
CHEMBL2203774,0.8857,5.38
CHEMBL1801192,0.3188,5.274
CHEMBL2177914,0.652,5.574
CHEMBL4643577,0.0431,4.659
CHEMBL3355480,0.102,4.617
CHEMBL43,0.2827,5.436
CHEMBL470514,0.334,5.472
CHEMBL3422952,0.637,5.886
CHEMBL1270269,0.5639,5.609
CHEMBL4543236,0.3729,4.994
CHEMBL3604799,0.7538,5.751
CHEMBL4245197,0.2198,5.141
CHEMBL2178524,0.7368,5.73
CHEMBL4472827,0.5528,5.37
XFPUCOKJWIFNBD-UHFFFAOYSA-N,0.315,5.537
CHEMBL2017569,0.2086,5.013
CHEMBL2036761,0.7946,5.605
XGIZNDWBXPNXFQ-UHFFFAOYSA-N,0.1161,4.911
CHEMBL1223753,0.3786,5.208
CHEMBL4094440,0.5893,4.944
CHEMBL1084400,0.9707,6.425
CHEMBL2069513,0.7296,5.954
CHEMBL512351,0.6956,5.958
CHEMBL1910318,0.9511,6.266
CHEMBL3084351,0.6507,5.569
CHEMBL2069425,0.5535,5.037
XIHXBNRAWIZORJ-UHFFFAOYSA-N,0.7271,5.461
CHEMBL4474982,0.1456,5.044
CHEMBL4092041,0.2613,4.892
CHEMBL4794487,0.7948,5.587
CHEMBL2036753,0.9374,5.906
CHEMBL3601295,0.6911,5.168
CHEMBL4639407,0.183,4.915
CHEMBL4103771,0.0938,5.341
CHEMBL3425817,0.0426,4.436
CHEMBL3604804,0.6403,5.506
CHEMBL1800768,0.5049,4.91
CHEMBL262736,0.2969,4.99
CHEMBL3417045,0.2663,6.462
CHEMBL1818303,0.7312,5.398
XLJXDCQWYYQDQT-UHFFFAOYSA-N,0.1083,4.608
CHEMBL4571666,0.3673,5.081
CHEMBL4063950,0.2682,5.15
CHEMBL2069930,0.3002,5.338
CHEMBL2207744,0.5101,5.76
CHEMBL5435454,0.2869,5.278
CHEMBL3747244,0.3232,4.821
CHEMBL157101,0.5167,5.691
CHEMBL1230468,0.4346,5.166
XMFZHHVWPNXHGW-UHFFFAOYSA-N,0.0477,4.604
CHEMBL1270170,0.2654,5.435
CHEMBL4206892,0.2488,4.973
XNGBHJNZDZOEJO-MRKDIWJRSA-N,0.8589,5.909
XNGBHJNZDZOEJO-RWSUSOHTSA-N,0.8589,5.909
CHEMBL2069426,0.66,5.144
CHEMBL487827,0.6796,5.801
CHEMBL366328,0.9467,5.703
CHEMBL2336333,0.229,4.667
CHEMBL2036763,0.7257,5.87
CHEMBL2031470,0.6589,5.387
CHEMBL1270062,0.9089,5.935
CHEMBL3092195,0.1722,4.923
CHEMBL243901,0.9755,6.202
CHEMBL246818,0.6257,5.237
CHEMBL562905,0.2775,4.603
CHEMBL1172625,0.6598,4.916
CHEMBL4173253,0.901,5.59
CHEMBL4098204,0.3852,4.718
CHEMBL255023,0.6684,5.976
CHEMBL269959,0.9755,5.599
CHEMBL1092574,0.2425,5.17
CHEMBL4225217,0.9086,5.642
CHEMBL4283367,0.5086,5.37
XSGCBOOLGAIFRX-OAHLLOKOSA-N,0.9074,5.551
CHEMBL4560282,0.7765,5.265
CHEMBL601567,0.6053,5.028
CHEMBL4229223,0.8738,5.497
CHEMBL1290059,0.642,5.649
CHEMBL2391789,0.1603,5.376
CHEMBL1242436,0.9092,5.623
CHEMBL3774431,0.9847,6.066
CHEMBL3984425,0.1705,4.793
CHEMBL255618,0.901,5.898
CHEMBL601041,0.5098,5.724
CHEMBL222012,0.4527,5.725
CHEMBL2391810,0.5709,5.166
CHEMBL1623897,0.5633,4.974
CHEMBL584655,0.2095,5.435
CHEMBL3901705,0.0476,5.098
CHEMBL5314554,0.1484,4.946
CHEMBL496687,0.9344,5.905
CHEMBL4081602,0.3967,5.261
CHEMBL4166919,0.3353,5.274
CHEMBL495702,0.4463,5.532
CHEMBL2204264,0.1885,4.54
CHEMBL273575,0.2153,5.01
CHEMBL1086525,0.9075,8.299
CHEMBL4641631,0.2313,4.887
XYCBFPMJNPHKTB-UHFFFAOYSA-N,0.8458,5.284
CHEMBL1873475,0.7243,5.678
XYGIAPGACDFNDM-UHFFFAOYSA-N,0.8777,5.601
CHEMBL1771094,0.6678,5.457
CHEMBL2336056,0.6822,5.046
XYRJBYRNGZCJNT-UHFFFAOYSA-N,0.4389,5.156
CHEMBL2017106,0.6368,5.343
CHEMBL4444685,0.9553,6.327
CHEMBL4784154,0.0629,4.484
CHEMBL502835,0.8264,6.978
CHEMBL3799869,0.2855,4.817
YAFITMVNVWKOOO-UHFFFAOYSA-N,0.978,6.319
CHEMBL4078799,0.078,4.6
CHEMBL248196,0.1246,4.986
CHEMBL1085337,0.8617,5.647
CHEMBL121,0.5846,5.483
CHEMBL4067468,0.4858,5.128
CHEMBL3824296,0.4616,5.029
CHEMBL1094693,0.093,5.274
CHEMBL2153098,0.3113,5.101
CHEMBL4458575,0.2582,5.242
CHEMBL1829603,0.1514,4.393
CHEMBL272775,0.9472,5.466
CHEMBL4647810,0.1771,4.718
CHEMBL3393730,0.0806,5.084
CHEMBL3666257,0.3401,5.258
YCMGLCRZYQOKPX-QFIPXVFZSA-N,0.3265,5.283
CHEMBL3321980,0.4362,5.111
CHEMBL2204246,0.1841,4.675
CHEMBL1809072,0.3971,5.03
CHEMBL273235,0.9401,6.135
CHEMBL380388,0.9439,5.906
CHEMBL3417063,0.4103,5.337
CHEMBL2204265,0.1993,4.696
CHEMBL4543599,0.7385,6.045
CHEMBL4548200,0.1686,4.732
CHEMBL216225,0.8522,5.815
CHEMBL2158299,0.0705,4.921
CHEMBL2207281,0.5141,5.701
CHEMBL1784406,0.2816,4.813
CHEMBL2041190,0.294,4.789
CHEMBL3115272,0.0754,4.724
CHEMBL548334,0.1543,5.018
CHEMBL1909991,0.6562,5.17
CHEMBL4558168,0.3562,5.642
YFPXALXVUKNUIN-UHFFFAOYSA-N,0.2941,4.657
CHEMBL4759692,0.7312,5.732
YFWBSWOQIFUXES-UHFFFAOYSA-N,0.0784,4.771
CHEMBL243474,0.9708,6.009
YFYTXCHIKLXUIM-UHFFFAOYSA-N,0.9592,5.906
CHEMBL3427385,0.2965,5.236
CHEMBL272378,0.9125,5.744
CHEMBL515025,0.9237,5.684
YGQYHFNCAZNGCT-UHFFFAOYSA-N,0.1688,4.95
CHEMBL4169575,0.723,5.395
CHEMBL2207671,0.6883,5.705
CHEMBL2414670,0.2054,5.088
CHEMBL550471,0.6317,5.474
CHEMBL556648,0.6317,5.474
CHEMBL557121,0.6317,5.474
CHEMBL2333639,0.7573,4.975
CHEMBL557116,0.3115,5.103
CHEMBL3775476,0.3392,6.187
CHEMBL484528,0.1884,4.678
CHEMBL3417055,0.34,6.262
CHEMBL3909266,0.577,5.404
CHEMBL4084182,0.7793,6.158
CHEMBL476579,0.8872,5.532
YJEVVRPFVPWHRW-DNOBIOAJSA-N,0.8121,5.491
CHEMBL1172624,0.6194,4.937
CHEMBL4643150,0.3343,5.608
YKCVGPQFUBUSHV-CQSZACIVSA-N,0.8712,5.514
CHEMBL600132,0.0665,4.606
CHEMBL1171029,0.9514,5.472
CHEMBL43697,0.8727,5.808
CHEMBL518922,0.7102,5.94
CHEMBL2059323,0.8312,5.354
CHEMBL3422983,0.4812,4.896
CHEMBL4548199,0.4856,5.115
CHEMBL4544394,0.4856,5.115
CHEMBL1957012,0.6264,5.435
CHEMBL2181297,0.4793,5.078
CHEMBL3695713,0.3138,5.019
CHEMBL3786469,0.9259,6.047
CHEMBL4094313,0.0867,4.727
CHEMBL5075933,0.7428,5.942
YMDZFDBXTYBHAJ-UHFFFAOYSA-N,0.1833,5.271
CHEMBL4637997,0.4797,5.152
CHEMBL2207283,0.5239,5.647
CHEMBL1095158,0.8298,5.935
YNPDAEIZGIIQCZ-OLZOCXBDSA-N,0.1639,4.835
YNPDAEIZGIIQCZ-QWHCGFSZSA-N,0.1639,4.835
CHEMBL1945849,0.6425,5.401
CHEMBL1668238,0.7812,5.722
CHEMBL4101809,0.4969,5.345
YOTHGDNLEVBATQ-UHFFFAOYSA-N,0.0402,4.678
CHEMBL1909985,0.5896,4.894
CHEMBL4101902,0.1827,5.101
YQKWXWMRYFPDSX-NSHDSACASA-N,0.032,4.439
YQLIWCWWLMNPGU-PMACEKPBSA-N,0.0944,4.486
CHEMBL378547,0.649,5.59
CHEMBL4285364,0.1065,4.856
CHEMBL393169,0.836,6.403
YRDIMZCEHFHZSI-VQTJNVASSA-N,0.0253,4.416
CHEMBL2017100,0.8945,5.519
CHEMBL2041168,0.7919,5.715
CHEMBL4462496,0.4048,5.117
CHEMBL5084615,0.079,4.959
CHEMBL2207666,0.8102,5.615
CHEMBL4072014,0.2065,4.918
CHEMBL2146599,0.4171,5.276
CHEMBL537087,0.8555,5.717
CHEMBL1172623,0.804,4.909
CHEMBL3092197,0.5537,5.004
YUBLNBWIZGHBST-GDJIYFAZSA-N,0.9639,7.431
CHEMBL4089640,0.8303,5.506
CHEMBL1819267,0.4697,4.79
CHEMBL3422972,0.2985,4.795
CHEMBL3786896,0.3852,5.051
CHEMBL472967,0.8085,6.016
CHEMBL4174323,0.2392,4.857
CHEMBL1224065,0.8969,5.802
CHEMBL1095354,0.3593,5.446
CHEMBL2028056,0.6121,5.895
CHEMBL4783809,0.0467,4.684
CHEMBL2146879,0.988,5.958
CHEMBL243899,0.9482,5.8
CHEMBL5084225,0.1123,4.874
CHEMBL3895485,0.3541,5.723
CHEMBL2347993,0.2555,5.271
CHEMBL3974889,0.2118,4.759
CHEMBL3928945,0.2118,4.759
YVSXJUFPYMJKTN-YKSBVNFPSA-N,0.67,5.799
CHEMBL4761139,0.8045,5.888
CHEMBL2336332,0.1553,4.597
CHEMBL581175,0.8941,5.961
CHEMBL3892659,0.0403,4.852
CHEMBL4165629,0.2923,5.221
CHEMBL4297354,0.1682,4.931
CHEMBL3703267,0.1484,5.32
CHEMBL1836252,0.8808,5.592
YXISLLAVLYFJLK-UHFFFAOYSA-N,0.8056,5.722
CHEMBL2030442,0.1048,4.846
CHEMBL252619,0.2986,5.03
CHEMBL4876663,0.7641,5.201
CHEMBL2333644,0.7252,4.966
CHEMBL2017109,0.8109,5.394
CHEMBL1684711,0.0654,5.198
YZGMYTQJDWSQGI-UHFFFAOYSA-N,0.0554,4.721
CHEMBL255620,0.978,5.824
CHEMBL3343650,0.3805,5.105
CHEMBL3810154,0.3118,4.825
CHEMBL4087927,0.1601,5.103
CHEMBL4536259,0.9886,6.547
CHEMBL2147025,0.628,5.525
CHEMBL564674,0.8627,5.743
CHEMBL3422953,0.6607,5.957
CHEMBL3770443,0.2881,5.133
CHEMBL2147307,0.3699,4.945
CHEMBL2325989,0.075,4.538
CHEMBL4457342,0.5882,5.571
ZBSPPCBPRARDAO-UHFFFAOYSA-N,0.3522,5.171
ZBXIRNVCPMZPFS-UHFFFAOYSA-N,0.8275,5.498
ZCBGLPIEMQDDFO-UHFFFAOYSA-N,0.0502,4.57
CHEMBL4126496,0.2553,4.994
CHEMBL3799831,0.1032,4.618
CHEMBL3120280,0.8841,5.766
ZCQPZBAAOWWMGM-RTBURBONSA-N,0.1582,4.684
ZCZZFZFZUWEHRG-UHFFFAOYSA-N,0.9574,5.667
CHEMBL4876902,0.0363,4.967
ZDQIXJDZKHFAJT-UHFFFAOYSA-N,0.1492,5.023
CHEMBL582486,0.2283,4.905
ZEAVYVGSFVJUTC-UHFFFAOYSA-N,0.4042,5.066
CHEMBL4852381,0.0705,4.577
CHEMBL4550656,0.9863,6.394
CHEMBL478012,0.7515,5.331
CHEMBL1084617,0.601,5.235
CHEMBL4779974,0.0996,5.297
CHEMBL4104203,0.3569,5.352
CHEMBL2424876,0.091,4.591
CHEMBL1909994,0.5975,5.354
CHEMBL249854,0.3801,5.124
CHEMBL3752550,0.5594,5.727
CHEMBL4585243,0.1172,4.717
CHEMBL3585946,0.3015,4.906
CHEMBL1819256,0.5753,5.259
ZGNPRTXHIWGVPG-CQSZACIVSA-N,0.8444,5.437
CHEMBL2382345,0.282,5.085
CHEMBL4246111,0.2071,5.171
CHEMBL2315929,0.607,4.933
ZHTDXMSHUPCRLP-FGZHOGPDSA-N,0.6536,5.3
CHEMBL4160103,0.4288,5.319
CHEMBL1836167,0.7115,5.498
CHEMBL3799912,0.186,4.889
CHEMBL2364608,0.1771,5.192
ZIDKNUHPKSUTKP-GFCCVEGCSA-N,0.8481,5.601
CHEMBL3359220,0.9487,6.045
CHEMBL4576616,0.2616,5.616
CHEMBL3422975,0.5791,6.154
CHEMBL1952142,0.5916,5.282
CHEMBL1269847,0.8972,6.336
CHEMBL1631009,0.3636,5.13
CHEMBL4473654,0.4414,5.104
CHEMBL3775435,0.9776,6.393
CHEMBL4533529,0.1954,5.27
CHEMBL1258279,0.9573,8.711
CHEMBL1223816,0.9573,8.711
CHEMBL4160100,0.2909,5.382
CHEMBL256442,0.9755,5.689
CHEMBL4749020,0.6056,5.357
ZLJHQDMTGQKOCX-UHFFFAOYSA-N,0.3287,5.072
CHEMBL2324240,0.9082,5.733
CHEMBL4776352,0.6466,4.96
CHEMBL1688243,0.6578,5.287
ZMFSOBGRZBTGEQ-UHFFFAOYSA-N,0.0261,4.775
ZMIMJRGRWXTILZ-UHFFFAOYSA-N,0.0643,4.811
CHEMBL127508,0.1951,5.056
CHEMBL4648872,0.1321,5.856
ZMZSNKVRFHNVAO-SFTDATJTSA-N,0.0604,4.218
CHEMBL215022,0.1146,5.22
CHEMBL237337,0.1143,4.682
CHEMBL1223872,0.8278,6.816
CHEMBL1223870,0.8278,6.816
CHEMBL1809044,0.4842,5.154
CHEMBL4783566,0.8254,5.453
CHEMBL3656928,0.3141,5.185
CHEMBL3786768,0.9334,5.353
CHEMBL4553699,0.4318,5.51
CHEMBL4160332,0.2692,5.374
CHEMBL1813015,0.233,5.117
CHEMBL1084401,0.9173,6.239
CHEMBL521523,0.6894,5.38
CHEMBL1684697,0.0759,5.116
CHEMBL4515812,0.987,6.499
CHEMBL458242,0.1038,4.751
CHEMBL203045,0.4444,5.236
CHEMBL1761530,0.9684,6.256
CHEMBL1092495,0.9671,5.961
CHEMBL3907368,0.6874,5.244
CHEMBL4763134,0.1682,5.305
CHEMBL582420,0.2496,5.349
CHEMBL1095420,0.1661,5.028
CHEMBL1808619,0.0345,4.731
CHEMBL495187,0.1313,5.577
ZSLUPNMTHNULTB-IBGZPJMESA-N,0.103,4.955
CHEMBL4751613,0.8745,6.104
CHEMBL2333648,0.804,4.999
CHEMBL1098861,0.0732,5.383
CHEMBL237793,0.7585,5.363
CHEMBL246819,0.7585,5.363
ZTRWHUJIONDEEE-UHFFFAOYSA-N,0.2564,4.901
CHEMBL3326630,0.817,5.281
CHEMBL3935453,0.3831,5.115
CHEMBL466222,0.7797,5.437
CHEMBL4776842,0.3802,5.128
CHEMBL2041164,0.4581,5.025
CHEMBL4087615,0.8171,5.665
CHEMBL3769552,0.5215,5.518
CHEMBL4862447,0.5006,5.134
CHEMBL257534,0.7819,5.079
CHEMBL248009,0.151,4.979
CHEMBL3746280,0.3298,5.067
CHEMBL3978935,0.3512,5.502
CHEMBL2333611,0.6887,5.469
ZXPNPUZYBKVZFN-UHFFFAOYSA-N,0.2999,5.087
CHEMBL5082406,0.6536,5.161
CHEMBL4794973,0.4649,5.312
CHEMBL4870918,0.6626,4.999
CHEMBL585243,0.7452,5.618
CHEMBL1096192,0.4039,5.627
CHEMBL206383,0.2087,4.95
CHEMBL1822856,0.947,6.224
CHEMBL2207501,0.4853,4.631
CHEMBL4064723,0.2062,5.258
CHEMBL384487,0.7723,5.82
CHEMBL4870856,0.0527,5.025
CHEMBL3608916,0.4462,5.268
CHEMBL1088040,0.3225,5.119
